Workbook

Sheet Original
I1: Training | O1: Team Structure | R1: AIM Baselines | AB1: Backlog Management | AH1: Process / Tools Standardization | AK1: Engineering Practices | AS1: Customer Management | BD1: Score Snapshots
A2: Rank | B2: Team Name | C2: Product | D2: Component | E2: Location | F2: Current Score | G2: Average Score | H2: Badge | I2: AIM Workshop (Teams) | J2: AIM Workshop (PLT) | K2: Certification - Leadership | L2: Certification – PO | M2: Certification – SM | N2: Multi Component team | O2: Product Owner | P2: Scrum Master | Q2: Multi Functional Team | R2: DoD | S2: DoR | T2: AIM ceremonies | U2: Scrum area | V2: Story Points | W2: Tasking | X2: Backlog grooming (sprint) | Y2: Backlog grooming (release) | Z2: Demo | AA2: Retro | AB2: Unified backlog | AC2: Personas | AD2: Story mapping | AE2: Work-Item templates | AF2: Tech debt strategy | AG2: Defect management strategy | AH2: AIM JIRA structure | AI2: Release tracker | AJ2: Sprint burndown | AK2: BDD | AL2: TDD | AM2: Test automation | AN2: CI/CD | AO2: Shift-left adoption | AP2: Single branch strategy | AQ2: Reducing WIP | AR2: Engineering 360 | AS2: Customer engagement | AT2: Time to Value Delivery | AU2: AIM Coach | AV2: SM | AW2: PO | AX2: Eng Manager | AY2: PLM | AZ2: Eng Sponsor (Director) | BA2: Reviewed by ACT | BB2: Start Date | BC2: AIM Age (month) | BD2: 2019 Nov (change) | BE2: 2019 Dec (change) | BF2: 2020 Jan | BG2: 2020 Feb | BH2: 2020 Mar | BI2: Progress (Points) | BJ2: Progress (%)
A3: =ROW()-2 -> 1 | B3: WeView | C3: IX Meetings | D3: Management | E3: Israel | F3: =IF(SUM(O3:AT3)>0,SUM(O3:AT3)+100,0) -> 174 | G3: =IFERROR(SUM(O3:AT3)/COUNTA(O3:AT3), "") -> 2.3125 | H3: =IF(G3>=2.8,"Legendary",IF(G3>=2,"Avenger",IF(G3>=1,"Superhero","Hero"))) -> Avenger | I3: Yes | J3: Partially | K3: Yes | L3: No | M3: Yes | N3: No | O3: 3 | P3: 3 | Q3: 3 | R3: 3 | S3: 3 | T3: 3 | U3: 3 | V3: 3 | W3: 3 | X3: 3 | Y3: 2 | Z3: 3 | AA3: 3 | AB3: 3 | AC3: 1 | AD3: 3 | AE3: 1 | AF3: 1 | AG3: 3 | AH3: 3 | AI3: 3 | AJ3: 3 | AK3: 0 | AL3: 0 | AM3: 1 | AN3: 1 | AO3: 3 | AP3: 3 | AQ3: 3 | AR3: 2 | AS3: 0 | AT3: 2 | AU3: Erez Morabia | AV3: Yafit Levi | AW3: Gilad Levi | AX3: Erez Morabia | AY3: Kirk Jones | AZ3: Danny Levi | BA3: Done | BB3: 43374 | BC3: =IF(ISBLANK($BB3),"",(TODAY()-$BB3)/30) -> 19.066667 | BD3: 161 | BE3: 160 | BF3: 158 | BG3: 164 | BH3: 162 | BI3: =F3-BF3 -> 16 | BJ3: =(F3-BF3)/BF3 -> 0.10126582
A4: =ROW()-2 -> 2 | B4: Puffin | C4: IX OneSpace | D4: - | E4: Israel | F4: =IF(SUM(O4:AT4)>0,SUM(O4:AT4)+100,0) -> 165 | G4: =IFERROR(SUM(O4:AT4)/COUNTA(O4:AT4), "") -> 2.03125 | H4: =IF(G4>=2.8,"Legendary",IF(G4>=2,"Avenger",IF(G4>=1,"Superhero","Hero"))) -> Avenger | I4: Yes | J4: Yes | K4: Yes | L4: No | M4: Yes | N4: Yes | O4: 3 | P4: 3 | Q4: 2 | R4: 1 | S4: 3 | T4: 3 | U4: 3 | V4: 3 | W4: 3 | X4: 3 | Y4: 1 | Z4: 3 | AA4: 3 | AB4: 3 | AC4: 1 | AD4: 1 | AE4: 1 | AF4: 1 | AG4: 3 | AH4: 3 | AI4: 3 | AJ4: 3 | AK4: 0 | AL4: 0 | AM4: 0 | AN4: 0 | AO4: 1 | AP4: 3 | AQ4: 2 | AR4: 2 | AS4: 2 | AT4: 2 | AU4: Erez Morabia | AV4: Dikla Klein | AW4: Tamar Goldschmidt | AX4: Erez Morabia | AY4: Orly Shechtman | AZ4: Danny Levi | BA4: Done | BB4: 43556 | BC4: =IF(ISBLANK($BB4),"",(TODAY()-$BB4)/30) -> 13 | BD4: 149 | BE4: 153 | BF4: 148 | BG4: 156 | BH4: 158 | BI4: =F4-BF4 -> 17 | BJ4: =(F4-BF4)/BF4 -> 0.11486486
A5: =ROW()-2 -> 3 | B5: Avengers | C5: IX Workplace Client | D5: Clients & CSDK | E5: India | F5: =IF(SUM(O5:AT5)>0,SUM(O5:AT5)+100,0) -> 162 | G5: =IFERROR(SUM(O5:AT5)/COUNTA(O5:AT5), "") -> 1.9375 | H5: =IF(G5>=2.8,"Legendary",IF(G5>=2,"Avenger",IF(G5>=1,"Superhero","Hero"))) -> Superhero | I5: Yes | J5: Yes | K5: No | L5: No | M5: Yes | N5: Yes | O5: 1 | P5: 1 | Q5: 3 | R5: 3 | S5: 3 | T5: 3 | U5: 3 | V5: 3 | W5: 3 | X5: 3 | Y5: 1 | Z5: 3 | AA5: 3 | AB5: 3 | AC5: 0 | AD5: 0 | AE5: 3 | AF5: 1 | AG5: 3 | AH5: 3 | AI5: 3 | AJ5: 2 | AK5: 0 | AL5: 0 | AM5: 1 | AN5: 2 | AO5: 0 | AP5: 1 | AQ5: 2 | AR5: 3 | AS5: 1 | AT5: 1 | AU5: Vijay Bholwani | AV5: Snehal Kerhalkar | AW5: Chaitanya Tilwankar & Sameer Gengane | AX5: Medha Mahabaleshwar | AY5: Paul Relf | AZ5: Ruby Agarwal | BA5: Done | BB5: 43266 | BC5: =IF(ISBLANK($BB5),"",(TODAY()-$BB5)/30) -> 22.666667 | BD5: 145 | BE5: 168 | BF5: 159 | BG5: 159 | BH5: 159 | BI5: =F5-BF5 -> 3 | BJ5: =(F5-BF5)/BF5 -> 0.018867925
A6: =ROW()-2 -> 4 | B6: Strikers | C6: IX Workplace Client | D6: Clients & CSDK | E6: India | F6: =IF(SUM(O6:AT6)>0,SUM(O6:AT6)+100,0) -> 162 | G6: =IFERROR(SUM(O6:AT6)/COUNTA(O6:AT6), "") -> 1.9375 | H6: =IF(G6>=2.8,"Legendary",IF(G6>=2,"Avenger",IF(G6>=1,"Superhero","Hero"))) -> Superhero | I6: Yes | J6: Yes | K6: No | L6: No | M6: Yes | N6: Yes | O6: 1 | P6: 1 | Q6: 3 | R6: 3 | S6: 3 | T6: 3 | U6: 3 | V6: 3 | W6: 3 | X6: 3 | Y6: 1 | Z6: 3 | AA6: 3 | AB6: 3 | AC6: 0 | AD6: 0 | AE6: 3 | AF6: 1 | AG6: 3 | AH6: 3 | AI6: 3 | AJ6: 2 | AK6: 0 | AL6: 0 | AM6: 1 | AN6: 2 | AO6: 0 | AP6: 1 | AQ6: 2 | AR6: 3 | AS6: 1 | AT6: 1 | AU6: Vijay Bholwani | AV6: Snehal Kerhalkar | AW6: Chaitanya Tilwankar & Sameer Gengane | AX6: Medha Mahabaleshwar | AY6: Paul Relf | AZ6: Ruby Agarwal | BA6: Done | BB6: 43266 | BC6: =IF(ISBLANK($BB6),"",(TODAY()-$BB6)/30) -> 22.666667 | BD6: 143 | BE6: 168 | BF6: 159 | BG6: 159 | BH6: 159 | BI6: =F6-BF6 -> 3 | BJ6: =(F6-BF6)/BF6 -> 0.018867925
A7: =ROW()-2 -> 5 | B7: ACM | C7: ACM | D7: ACM | E7: India | F7: =IF(SUM(O7:AT7)>0,SUM(O7:AT7)+100,0) -> 156 | G7: =IFERROR(SUM(O7:AT7)/COUNTA(O7:AT7), "") -> 1.75 | H7: =IF(G7>=2.8,"Legendary",IF(G7>=2,"Avenger",IF(G7>=1,"Superhero","Hero"))) -> Superhero | I7: Yes | J7: Yes | K7: No | L7: Yes | M7: No | N7: No | O7: 2 | P7: 2 | Q7: 1 | R7: 2 | S7: 3 | T7: 3 | U7: 3 | V7: 3 | W7: 3 | X7: 1 | Y7: 1 | Z7: 3 | AA7: 3 | AB7: 3 | AC7: 1 | AD7: 1 | AE7: 3 | AF7: 1 | AG7: 3 | AH7: 3 | AI7: 3 | AJ7: 1 | AK7: 0 | AL7: 0 | AM7: 1 | AN7: 1 | AO7: 1 | AP7: 1 | AQ7: 1 | AR7: 1 | AS7: 1 | AT7: 0 | AU7: Vijay Bholwani | AV7: Avinash Shendage | AW7: Ankur Rajan Verma | AY7: Joyce F | AZ7: Sanjog Kotnis | BA7: Done | BB7: 43466 | BC7: =IF(ISBLANK($BB7),"",(TODAY()-$BB7)/30) -> 16 | BD7: 171 | BE7: 161 | BF7: 154 | BG7: 154 | BH7: 154 | BI7: =F7-BF7 -> 2 | BJ7: =(F7-BF7)/BF7 -> 0.012987013
A8: =ROW()-2 -> 6 | B8: Grasshopper | C8: IX-CC | D8: Automated Services | E8: Russia | F8: =IF(SUM(O8:AT8)>0,SUM(O8:AT8)+100,0) -> 155 | G8: =IFERROR(SUM(O8:AT8)/COUNTA(O8:AT8), "") -> 1.71875 | H8: =IF(G8>=2.8,"Legendary",IF(G8>=2,"Avenger",IF(G8>=1,"Superhero","Hero"))) -> Superhero | I8: No | J8: Partially | K8: No | L8: No | M8: Yes | N8: Yes | O8: 2 | P8: 2 | Q8: 2 | R8: 2 | S8: 2 | T8: 2 | U8: 3 | V8: 2 | W8: 3 | X8: 1 | Y8: 0 | Z8: 3 | AA8: 2 | AB8: 2 | AC8: 1 | AD8: 0 | AE8: 1 | AF8: 0 | AG8: 2 | AH8: 3 | AI8: 3 | AJ8: 2 | AK8: 1 | AL8: 1 | AM8: 3 | AN8: 2 | AO8: 1 | AP8: 3 | AQ8: 1 | AR8: 2 | AS8: 1 | AT8: 0 | AU8: Shane Gannon/Sue Keegan | AV8: Alex Voron | AW8: Diego Vivo | AX8: Paul D'Arcy | AY8: Diego Klajner | AZ8: Paul D'Arcy | BA8: Done | BB8: 43481 | BC8: =IF(ISBLANK($BB8),"",(TODAY()-$BB8)/30) -> 15.5 | BD8: 103 | BE8: 160 | BF8: 153 | BG8: 153 | BH8: 153 | BI8: =F8-BF8 -> 2 | BJ8: =(F8-BF8)/BF8 -> 0.013071895
A9: =ROW()-2 -> 7 | B9: Customer Journey | C9: IX-CC | D9: Customer Journey | E9: Galway | F9: =IF(SUM(O9:AT9)>0,SUM(O9:AT9)+100,0) -> 153 | G9: =IFERROR(SUM(O9:AT9)/COUNTA(O9:AT9), "") -> 1.65625 | H9: =IF(G9>=2.8,"Legendary",IF(G9>=2,"Avenger",IF(G9>=1,"Superhero","Hero"))) -> Superhero | I9: Yes | J9: Yes | K9: No | L9: No | M9: Yes | N9: No | O9: 1 | P9: 3 | Q9: 0 | R9: 3 | S9: 3 | T9: 3 | U9: 3 | V9: 2 | W9: 2 | X9: 1 | Y9: 0 | Z9: 2 | AA9: 3 | AB9: 2 | AC9: 0 | AD9: 0 | AE9: 0 | AF9: 2 | AG9: 2 | AH9: 3 | AI9: 1 | AJ9: 2 | AK9: 0 | AL9: 0 | AM9: 3 | AN9: 2 | AO9: 0 | AP9: 3 | AQ9: 3 | AR9: 2 | AS9: 2 | AT9: 0 | AU9: Shane Gannon/Sue Keegan | AV9: Niall Fallon | AW9: Daniel O'Beirne (P) | AX9: Daniel O'Beirne | AY9: Anjali Bagora | AZ9: Paul D'Arcy | BA9: Done | BB9: 43481 | BC9: =IF(ISBLANK($BB9),"",(TODAY()-$BB9)/30) -> 15.5 | BD9: 181 | BE9: 152 | BF9: 153 | BG9: 153 | BH9: 153 | BI9: =F9-BF9 -> 0 | BJ9: =(F9-BF9)/BF9 -> 0
A10: =ROW()-2 -> 8 | B10: Pancakes | C10: Survey Assist | D10: - | E10: Argentina | F10: =IF(SUM(O10:AT10)>0,SUM(O10:AT10)+100,0) -> 152 | G10: =IFERROR(SUM(O10:AT10)/COUNTA(O10:AT10), "") -> 1.625 | H10: =IF(G10>=2.8,"Legendary",IF(G10>=2,"Avenger",IF(G10>=1,"Superhero","Hero"))) -> Superhero | I10: No | J10: No | K10: No | L10: Yes | M10: Yes | N10: Yes | O10: 1 | P10: 3 | Q10: 2 | R10: 3 | S10: 3 | T10: 2 | U10: 0 | V10: 2 | W10: 2 | X10: 1 | Y10: 0 | Z10: 3 | AA10: 3 | AB10: 3 | AC10: 1 | AD10: 1 | AE10: 1 | AF10: 1 | AG10: 1 | AH10: 3 | AI10: 3 | AJ10: 3 | AK10: 0 | AL10: 0 | AM10: 1 | AN10: 1 | AO10: 2 | AP10: 2 | AQ10: 0 | AR10: 2 | AS10: 0 | AT10: 2 | AU10: Matias Monguillot/Erez Morabia | AV10: Matias Monguillot | AW10: Marcos Vergani (P) | AX10: Marcos Vergani | AY10: Diego Klajner | AZ10: Susana Martins | BA10: Done | BB10: 43594 | BC10: =IF(ISBLANK($BB10),"",(TODAY()-$BB10)/30) -> 11.733333 | BD10: 150 | BE10: 149 | BF10: 144 | BG10: 150 | BH10: 150 | BI10: =F10-BF10 -> 8 | BJ10: =(F10-BF10)/BF10 -> 0.055555556
A11: =ROW()-2 -> 9 | B11: V8 | C11: IX Workplace Client | D11: CSDK, Windows Client App | E11: United States | F11: =IF(SUM(O11:AT11)>0,SUM(O11:AT11)+100,0) -> 151 | G11: =IFERROR(SUM(O11:AT11)/COUNTA(O11:AT11), "") -> 1.59375 | H11: =IF(G11>=2.8,"Legendary",IF(G11>=2,"Avenger",IF(G11>=1,"Superhero","Hero"))) -> Superhero | I11: Yes | J11: No | K11: No | L11: No | M11: No | N11: No | O11: 1 | P11: 2 | Q11: 1 | R11: 3 | S11: 2 | T11: 3 | U11: 3 | V11: 2 | W11: 3 | X11: 2 | Y11: 1 | Z11: 3 | AA11: 3 | AB11: 1 | AC11: 1 | AD11: 1 | AE11: 1 | AF11: 2 | AG11: 2 | AH11: 3 | AI11: 1 | AJ11: 2 | AK11: 0 | AL11: 0 | AM11: 2 | AN11: 1 | AO11: 2 | AP11: 1 | AQ11: 0 | AR11: 1 | AS11: 0 | AT11: 1 | AU11: Eric Fleischmann | AV11: Phu-Cuong Huu (Charles) Nguyen | AW11: Jeff Middleton | AX11: Marc Saunders | AY11: Paul Relf | AZ11: Ruby Agarwal | BA11: Done | BB11: 43266 | BC11: =IF(ISBLANK($BB11),"",(TODAY()-$BB11)/30) -> 22.666667 | BD11: 143 | BE11: 154 | BF11: 150 | BG11: 150 | BH11: 150 | BI11: =F11-BF11 -> 1 | BJ11: =(F11-BF11)/BF11 -> 0.0066666667
A12: =ROW()-2 -> 10 | B12: Pole Dancers | C12: ACI | D12: ACI Core, Cloud Services, ML | E12: Poland | F12: =IF(SUM(O12:AT12)>0,SUM(O12:AT12)+100,0) -> 150 | G12: =IFERROR(SUM(O12:AT12)/COUNTA(O12:AT12), "") -> 1.5625 | H12: =IF(G12>=2.8,"Legendary",IF(G12>=2,"Avenger",IF(G12>=1,"Superhero","Hero"))) -> Superhero | I12: No | J12: No | K12: No | L12: Yes | M12: No | N12: Yes | O12: 1 | P12: 2 | Q12: 3 | R12: 3 | S12: 2 | T12: 2 | U12: 3 | V12: 2 | W12: 3 | X12: 2 | Y12: 1 | Z12: 2 | AA12: 2 | AB12: 2 | AC12: 1 | AD12: 1 | AE12: 0 | AF12: 1 | AG12: 0 | AH12: 3 | AI12: 1 | AJ12: 2 | AK12: 0 | AL12: 0 | AM12: 2 | AN12: 2 | AO12: 1 | AP12: 2 | AQ12: 1 | AR12: 0 | AS12: 2 | AT12: 1 | AU12: Eric Fleischmann | AV12: Lukasz Wojciak | AW12: Michael Salen | AX12: Lukasz Wojciak | AY12: Ernie Wong | AZ12: Jeff Hodson | BA12: Done | BB12: 43626 | BC12: =IF(ISBLANK($BB12),"",(TODAY()-$BB12)/30) -> 10.666667 | BD12: 131 | BE12: 152 | BF12: 146 | BG12: 147 | BH12: 147 | BI12: =F12-BF12 -> 4 | BJ12: =(F12-BF12)/BF12 -> 0.02739726
A13: =ROW()-2 -> 11 | B13: DES | C13: DES | E13: India | F13: =IF(SUM(O13:AT13)>0,SUM(O13:AT13)+100,0) -> 149 | G13: =IFERROR(SUM(O13:AT13)/COUNTA(O13:AT13), "") -> 1.53125 | H13: =IF(G13>=2.8,"Legendary",IF(G13>=2,"Avenger",IF(G13>=1,"Superhero","Hero"))) -> Superhero | I13: Yes | J13: Yes | K13: No | L13: Yes | M13: Yes | N13: No | O13: 1 | P13: 1 | Q13: 1 | R13: 3 | S13: 3 | T13: 2 | U13: 2 | V13: 2 | W13: 2 | X13: 1 | Y13: 3 | Z13: 3 | AA13: 3 | AB13: 1 | AC13: 1 | AD13: 1 | AE13: 1 | AF13: 1 | AG13: 3 | AH13: 3 | AI13: 3 | AJ13: 1 | AK13: 0 | AL13: 1 | AM13: 3 | AN13: 1 | AO13: 0 | AP13: 1 | AQ13: 0 | AR13: 0 | AS13: 1 | AT13: 0 | AU13: Vijay Bholwani | AV13: Surabhi Misra | AY13: Bob Fizzard | AZ13: Birendra Sinha | BA13: Done | BB13: 43466 | BC13: =IF(ISBLANK($BB13),"",(TODAY()-$BB13)/30) -> 16 | BD13: 154 | BE13: 151 | BF13: 148 | BG13: 148 | BH13: 148 | BI13: =F13-BF13 -> 1 | BJ13: =(F13-BF13)/BF13 -> 0.0067567568
A14: =ROW()-2 -> 12 | B14: Kraken | C14: J SERIES | D14: RingCentral ACO/RCO features | E14: Canada | F14: =IF(SUM(O14:AT14)>0,SUM(O14:AT14)+100,0) -> 149 | G14: =IFERROR(SUM(O14:AT14)/COUNTA(O14:AT14), "") -> 1.53125 | H14: =IF(G14>=2.8,"Legendary",IF(G14>=2,"Avenger",IF(G14>=1,"Superhero","Hero"))) -> Superhero | I14: Yes | J14: Yes | K14: No | L14: No | M14: Yes | N14: Yes | O14: 1 | P14: 2 | Q14: 1 | R14: 2 | S14: 2 | T14: 2 | U14: 2 | V14: 2 | W14: 2 | X14: 2 | Y14: 1 | Z14: 3 | AA14: 3 | AB14: 0 | AC14: 2 | AD14: 2 | AE14: 1 | AF14: 1 | AG14: 1 | AH14: 3 | AI14: 1 | AJ14: 3 | AK14: 1 | AL14: 0 | AM14: 2 | AN14: 1 | AO14: 2 | AP14: 2 | AQ14: 1 | AR14: 0 | AS14: 1 | AT14: 0 | AU14: Eric Fleischmann | AV14: Shahid Mahmood | AW14: Shahid Mahmood, Xuejun (Steven) Xu | AX14: James Erskine | AY14: Bob Fizzard | AZ14: Jarek Kovak | BA14: Done | BB14: 43586 | BC14: =IF(ISBLANK($BB14),"",(TODAY()-$BB14)/30) -> 12 | BD14: 128 | BE14: 146 | BF14: 144 | BG14: 144 | BH14: 147 | BI14: =F14-BF14 -> 5 | BJ14: =(F14-BF14)/BF14 -> 0.034722222
A15: =ROW()-2 -> 13 | B15: Sherlocks | C15: IX-CC | D15: NGM | E15: India | F15: =IF(SUM(O15:AT15)>0,SUM(O15:AT15)+100,0) -> 148 | G15: =IFERROR(SUM(O15:AT15)/COUNTA(O15:AT15), "") -> 1.5 | H15: =IF(G15>=2.8,"Legendary",IF(G15>=2,"Avenger",IF(G15>=1,"Superhero","Hero"))) -> Superhero | I15: Yes | J15: Yes | K15: No | L15: No | M15: Yes | N15: Yes | O15: 1 | P15: 1 | Q15: 2 | R15: 2 | S15: 2 | T15: 2 | U15: 2 | V15: 2 | W15: 2 | X15: 1 | Y15: 1 | Z15: 3 | AA15: 3 | AB15: 3 | AC15: 0 | AD15: 1 | AE15: 1 | AF15: 1 | AG15: 1 | AH15: 3 | AI15: 3 | AJ15: 2 | AK15: 1 | AL15: 0 | AM15: 3 | AN15: 1 | AO15: 0 | AP15: 1 | AQ15: 0 | AR15: 3 | AS15: 0 | AT15: 0 | AU15: Vijay Bholwani | AV15: Surabhi Misra | AW15: Manoj Chaudhari | AX15: Birendra Sinha | AY15: Wayne Bevan | AZ15: Paul D'Arcy | BA15: Done | BB15: 43523 | BC15: =IF(ISBLANK($BB15),"",(TODAY()-$BB15)/30) -> 14.1 | BD15: 156 | BE15: 150 | BF15: 146 | BG15: 146 | BH15: 146 | BI15: =F15-BF15 -> 2 | BJ15: =(F15-BF15)/BF15 -> 0.01369863
A16: =ROW()-2 -> 14 | B16: Rangers | C16: IX Workplace Client | D16: Equinox Client | E16: Argentina | F16: =IF(SUM(O16:AT16)>0,SUM(O16:AT16)+100,0) -> 143 | G16: =IFERROR(SUM(O16:AT16)/COUNTA(O16:AT16), "") -> 1.34375 | H16: =IF(G16>=2.8,"Legendary",IF(G16>=2,"Avenger",IF(G16>=1,"Superhero","Hero"))) -> Superhero | I16: No | J16: No | K16: No | L16: No | M16: Yes | N16: No | O16: 1 | P16: 2 | Q16: 1 | R16: 3 | S16: 2 | T16: 3 | U16: 3 | V16: 1 | W16: 2 | X16: 2 | Y16: 1 | Z16: 3 | AA16: 2 | AB16: 2 | AC16: 0 | AD16: 0 | AE16: 0 | AF16: 0 | AG16: 1 | AH16: 3 | AI16: 1 | AJ16: 2 | AK16: 0 | AL16: 0 | AM16: 1 | AN16: 1 | AO16: 1 | AP16: 2 | AQ16: 1 | AR16: 1 | AS16: 0 | AT16: 1 | AU16: Eric Fleischmann | AV16: Matias Maccaglia | AW16: Mariano Bonatti | AX16: Mauricio Silclir | AY16: Paul Relf | AZ16: Ruby Agarwal | BA16: Done | BB16: 43266 | BC16: =IF(ISBLANK($BB16),"",(TODAY()-$BB16)/30) -> 22.666667 | BD16: 139 | BE16: 146 | BF16: 142 | BG16: 142 | BH16: 142 | BI16: =F16-BF16 -> 1 | BJ16: =(F16-BF16)/BF16 -> 0.0070422535
A17: =ROW()-2 -> 15 | B17: GameofScrums | C17: IX-CC | D17: IX Reporting/Analytics | E17: Galway | F17: =IF(SUM(O17:AT17)>0,SUM(O17:AT17)+100,0) -> 143 | G17: =IFERROR(SUM(O17:AT17)/COUNTA(O17:AT17), "") -> 1.34375 | H17: =IF(G17>=2.8,"Legendary",IF(G17>=2,"Avenger",IF(G17>=1,"Superhero","Hero"))) -> Superhero | I17: Yes | J17: Yes | K17: No | L17: No | M17: Yes | N17: No | O17: 2 | P17: 2 | Q17: 1 | R17: 2 | S17: 2 | T17: 3 | U17: 3 | V17: 1 | W17: 1 | X17: 1 | Y17: 1 | Z17: 3 | AA17: 3 | AB17: 2 | AC17: 0 | AD17: 1 | AE17: 1 | AF17: 1 | AG17: 1 | AH17: 3 | AI17: 3 | AJ17: 1 | AK17: 0 | AL17: 0 | AM17: 1 | AN17: 1 | AO17: 0 | AP17: 1 | AQ17: 0 | AR17: 2 | AS17: 0 | AT17: 0 | AU17: Shane Gannon/Sue Keegan | AV17: Trupti Kondavale | AW17: Chris Dunbar | AX17: Yash Singh | AY17: Wayne Bevan | AZ17: Paul D'Arcy | BA17: Done | BB17: 43481 | BC17: =IF(ISBLANK($BB17),"",(TODAY()-$BB17)/30) -> 15.5 | BD17: 159 | BE17: 145 | BF17: 142 | BG17: 142 | BH17: 142 | BI17: =F17-BF17 -> 1 | BJ17: =(F17-BF17)/BF17 -> 0.0070422535
A18: =ROW()-2 -> 16 | B18: ACI | C18: ACI | E18: United States | F18: =IF(SUM(O18:AT18)>0,SUM(O18:AT18)+100,0) -> 143 | G18: =IFERROR(SUM(O18:AT18)/COUNTA(O18:AT18), "") -> 1.34375 | H18: =IF(G18>=2.8,"Legendary",IF(G18>=2,"Avenger",IF(G18>=1,"Superhero","Hero"))) -> Superhero | I18: Yes | J18: Partially | K18: No | L18: Yes | M18: Yes | N18: Yes | O18: 1 | P18: 1 | Q18: 2 | R18: 2 | S18: 1 | T18: 2 | U18: 1 | V18: 2 | W18: 1 | X18: 2 | Y18: 1 | Z18: 2 | AA18: 2 | AB18: 2 | AC18: 1 | AD18: 1 | AE18: 0 | AF18: 1 | AG18: 1 | AH18: 3 | AI18: 1 | AJ18: 2 | AK18: 0 | AL18: 0 | AM18: 1 | AN18: 2 | AO18: 1 | AP18: 2 | AQ18: 2 | AR18: 0 | AS18: 2 | AT18: 1 | AU18: Eric Fleischmann | AV18: Matthew Peters | AW18: Michael Salen | AX18: Matthew Peters | AY18: Ernie Wong | AZ18: Jeff Hodson | BA18: Done | BB18: 43626 | BC18: =IF(ISBLANK($BB18),"",(TODAY()-$BB18)/30) -> 10.666667 | BD18: 144 | BE18: 144 | BF18: 139 | BG18: 139 | BH18: 141 | BI18: =F18-BF18 -> 4 | BJ18: =(F18-BF18)/BF18 -> 0.028776978
A19: =ROW()-2 -> 17 | B19: Vikings | C19: IX Workplace for S4B | D19: Microsoft Integration | E19: Argentina | F19: n | G19: =IFERROR(SUM(O19:AT19)/COUNTA(O19:AT19), "") -> 1.28125 | H19: =IF(G19>=2.8,"Legendary",IF(G19>=2,"Avenger",IF(G19>=1,"Superhero","Hero"))) -> Superhero | I19: No | J19: No | K19: No | L19: No | M19: Yes | N19: Yes | O19: 1 | P19: 1 | Q19: 2 | R19: 1 | S19: 1 | T19: 3 | U19: 2 | V19: 2 | W19: 2 | X19: 3 | Y19: 1 | Z19: 3 | AA19: 3 | AB19: 1 | AC19: 0 | AD19: 0 | AE19: 0 | AF19: 1 | AG19: 1 | AH19: 3 | AI19: 2 | AJ19: 2 | AK19: 0 | AL19: 0 | AM19: 1 | AN19: 1 | AO19: 0 | AP19: 1 | AQ19: 1 | AR19: 0 | AS19: 1 | AT19: 1 | AU19: Eric Fleischmann | AV19: Diego Cohen | AW19: Leonardo Marzo | AX19: Gunjan Kak | AY19: Barry O'Connor | AZ19: Ruby Agarwal | BA19: Done | BB19: 43723 | BC19: =IF(ISBLANK($BB19),"",(TODAY()-$BB19)/30) -> 7.4333333 | BD19: 135 | BE19: 145 | BF19: 139 | BG19: 139 | BH19: 139 | BI19: =F19-BF19 -> #VALUE! | BJ19: =(F19-BF19)/BF19 -> #VALUE!
A20: =ROW()-2 -> 18 | B20: Mendieta | C20: IX Workplace Client | D20: CSDK & Android (for Vantage) | E20: Argentina | F20: =IF(SUM(O20:AT20)>0,SUM(O20:AT20)+100,0) -> 140 | G20: =IFERROR(SUM(O20:AT20)/COUNTA(O20:AT20), "") -> 1.25 | H20: =IF(G20>=2.8,"Legendary",IF(G20>=2,"Avenger",IF(G20>=1,"Superhero","Hero"))) -> Superhero | I20: No | J20: No | K20: No | L20: No | M20: Yes | N20: No | O20: 1 | P20: 1 | Q20: 1 | R20: 2 | S20: 1 | T20: 3 | U20: 3 | V20: 1 | W20: 2 | X20: 1 | Y20: 1 | Z20: 3 | AA20: 2 | AB20: 2 | AC20: 0 | AD20: 0 | AE20: 0 | AF20: 1 | AG20: 1 | AH20: 3 | AI20: 1 | AJ20: 3 | AK20: 0 | AL20: 0 | AM20: 1 | AN20: 1 | AO20: 1 | AP20: 2 | AQ20: 1 | AR20: 1 | AS20: 0 | AT20: 0 | AU20: Eric Fleischmann | AV20: Diego Dedacek | AW20: Mariano Bonatti | AX20: Mauricio Silclir | AY20: Paul Relf | AZ20: Ruby Agarwal | BA20: Done | BB20: 43266 | BC20: =IF(ISBLANK($BB20),"",(TODAY()-$BB20)/30) -> 22.666667 | BD20: 138 | BE20: 141 | BF20: 139 | BG20: 139 | BH20: 139 | BI20: =F20-BF20 -> 1 | BJ20: =(F20-BF20)/BF20 -> 0.0071942446
A21: =ROW()-2 -> 19 | B21: POM | C21: POM | D21: POM | E21: India | F21: =IF(SUM(O21:AT21)>0,SUM(O21:AT21)+100,0) -> 139 | G21: =IFERROR(SUM(O21:AT21)/COUNTA(O21:AT21), "") -> 1.21875 | H21: =IF(G21>=2.8,"Legendary",IF(G21>=2,"Avenger",IF(G21>=1,"Superhero","Hero"))) -> Superhero | I21: Yes | J21: Yes | K21: No | L21: No | M21: No | N21: Yes | O21: 1 | P21: 1 | Q21: 3 | R21: 2 | S21: 2 | T21: 2 | U21: 3 | V21: 1 | W21: 2 | X21: 1 | Y21: 1 | Z21: 3 | AA21: 2 | AB21: 1 | AC21: 1 | AD21: 1 | AE21: 1 | AF21: 1 | AG21: 1 | AH21: 3 | AI21: 1 | AJ21: 1 | AK21: 0 | AL21: 0 | AM21: 1 | AN21: 1 | AO21: 0 | AP21: 1 | AQ21: 1 | AR21: 0 | AS21: 0 | AT21: 0 | AU21: Vijay Bholwani | AV21: Umesh Mahajan | AW21: Prasanth Jena | AX21: Harshad Apshankar | AY21: Michael Gruen | AZ21: Sanjog Kotnis | BA21: Done | BC21: =IF(ISBLANK($BB21),"",(TODAY()-$BB21)/30) | BD21: 142 | BE21: 139 | BF21: 136 | BG21: 136 | BH21: 136 | BI21: =F21-BF21 -> 3 | BJ21: =(F21-BF21)/BF21 -> 0.022058824
A22: =ROW()-2 -> 20 | B22: Condor | C22: IX Workplace Client | D22: Equinox Client | E22: Argentina | F22: =IF(SUM(O22:AT22)>0,SUM(O22:AT22)+100,0) -> 139 | G22: =IFERROR(SUM(O22:AT22)/COUNTA(O22:AT22), "") -> 1.21875 | H22: =IF(G22>=2.8,"Legendary",IF(G22>=2,"Avenger",IF(G22>=1,"Superhero","Hero"))) -> Superhero | I22: No | J22: No | K22: No | L22: No | M22: No | N22: No | O22: 1 | P22: 1 | Q22: 1 | R22: 2 | S22: 2 | T22: 3 | U22: 1 | V22: 2 | W22: 2 | X22: 1 | Y22: 1 | Z22: 3 | AA22: 2 | AB22: 2 | AC22: 0 | AD22: 0 | AE22: 0 | AF22: 0 | AG22: 1 | AH22: 3 | AI22: 1 | AJ22: 2 | AK22: 0 | AL22: 0 | AM22: 1 | AN22: 1 | AO22: 1 | AP22: 2 | AQ22: 1 | AR22: 1 | AS22: 0 | AT22: 1 | AU22: Eric Fleischmann | AV22: Luciano Marzo | AW22: Mariano Zibecchi and Mariano Bonatti | AX22: Mauricio Silclir | AY22: Paul Relf | AZ22: Ruby Agarwal | BA22: Done | BB22: 43266 | BC22: =IF(ISBLANK($BB22),"",(TODAY()-$BB22)/30) -> 22.666667 | BD22: 139 | BE22: 142 | BF22: 138 | BG22: 138 | BH22: 138 | BI22: =F22-BF22 -> 1 | BJ22: =(F22-BF22)/BF22 -> 0.0072463768
A23: =ROW()-2 -> 21 | B23: Assisted Services | C23: IX-CC | D23: Assisted Services | E23: Galway | F23: =IF(SUM(O23:AT23)>0,SUM(O23:AT23)+100,0) -> 138 | G23: =IFERROR(SUM(O23:AT23)/COUNTA(O23:AT23), "") -> 1.1875 | H23: =IF(G23>=2.8,"Legendary",IF(G23>=2,"Avenger",IF(G23>=1,"Superhero","Hero"))) -> Superhero | I23: Yes | J23: Yes | K23: No | L23: No | M23: Yes | N23: No | O23: 1 | P23: 2 | Q23: 0 | R23: 1 | S23: 2 | T23: 2 | U23: 2 | V23: 1 | W23: 1 | X23: 1 | Y23: 0 | Z23: 2 | AA23: 3 | AB23: 2 | AC23: 0 | AD23: 0 | AE23: 0 | AF23: 2 | AG23: 2 | AH23: 3 | AI23: 1 | AJ23: 1 | AK23: 0 | AL23: 0 | AM23: 3 | AN23: 2 | AO23: 0 | AP23: 1 | AQ23: 1 | AR23: 2 | AS23: 0 | AT23: 0 | AU23: Shane Gannon/Sue Keegan | AV23: Niall Fallon | AW23: Paul Kelly | AX23: Paul Kelly & Mike Walsh | AY23: Wayne Bevan | AZ23: Paul D'Arcy | BA23: Done | BB23: 43523 | BC23: =IF(ISBLANK($BB23),"",(TODAY()-$BB23)/30) -> 14.1 | BD23: 156 | BE23: 138 | BF23: 138 | BG23: 138 | BH23: 138 | BI23: =F23-BF23 -> 0 | BJ23: =(F23-BF23)/BF23 -> 0
A24: =ROW()-2 -> 22 | B24: JaguarScript | C24: IX Workplace Client | D24: JSCSDK | E24: United States | F24: =IF(SUM(O24:AT24)>0,SUM(O24:AT24)+100,0) -> 138 | G24: =IFERROR(SUM(O24:AT24)/COUNTA(O24:AT24), "") -> 1.1875 | H24: =IF(G24>=2.8,"Legendary",IF(G24>=2,"Avenger",IF(G24>=1,"Superhero","Hero"))) -> Superhero | I24: No | J24: No | K24: No | L24: No | M24: Yes | N24: No | O24: 1 | P24: 2 | Q24: 1 | R24: 3 | S24: 2 | T24: 3 | U24: 0 | V24: 1 | W24: 2 | X24: 1 | Y24: 1 | Z24: 3 | AA24: 2 | AB24: 2 | AC24: 0 | AD24: 0 | AE24: 0 | AF24: 0 | AG24: 1 | AH24: 3 | AI24: 1 | AJ24: 2 | AK24: 0 | AL24: 0 | AM24: 1 | AN24: 1 | AO24: 1 | AP24: 2 | AQ24: 1 | AR24: 1 | AS24: 0 | AT24: 0 | AU24: Eric Fleischmann | AV24: Matias Maccaglia | AW24: Jeff Middleton | AX24: Marc Saunders | AY24: Paul Relf | AZ24: Ruby Agarwal | BA24: Done | BB24: 43266 | BC24: =IF(ISBLANK($BB24),"",(TODAY()-$BB24)/30) -> 22.666667 | BD24: 139 | BE24: 140 | BF24: 137 | BG24: 137 | BH24: 137 | BI24: =F24-BF24 -> 1 | BJ24: =(F24-BF24)/BF24 -> 0.0072992701
A25: =ROW()-2 -> 23 | B25: Hakuna Matata | C25: Vantage | D25: Services | E25: Israel | F25: =IF(SUM(O25:AT25)>0,SUM(O25:AT25)+100,0) -> 138 | G25: =IFERROR(SUM(O25:AT25)/COUNTA(O25:AT25), "") -> 1.1875 | H25: =IF(G25>=2.8,"Legendary",IF(G25>=2,"Avenger",IF(G25>=1,"Superhero","Hero"))) -> Superhero | I25: Partially | J25: Partially | K25: No | L25: No | M25: Yes | N25: No | O25: 1 | P25: 1 | Q25: 2 | R25: 2 | S25: 3 | T25: 2 | U25: 2 | V25: 1 | W25: 2 | X25: 0 | Y25: 0 | Z25: 3 | AA25: 1 | AB25: 1 | AC25: 1 | AD25: 0 | AE25: 1 | AF25: 1 | AG25: 1 | AH25: 0 | AI25: 3 | AJ25: 3 | AK25: 0 | AL25: 0 | AM25: 0 | AN25: 1 | AO25: 0 | AP25: 3 | AQ25: 2 | AR25: 0 | AS25: 0 | AT25: 1 | AU25: Erez Morabia | AV25: Victoria Lutsenko | AW25: Erez Bergman | AX25: Yuval Cohen | AY25: Vandana Brar | AZ25: Jarek Kovak | BA25: Done | BB25: 43586 | BC25: =IF(ISBLANK($BB25),"",(TODAY()-$BB25)/30) -> 12 | BD25: 128 | BE25: 127 | BF25: 126 | BG25: 129 | BH25: 133 | BI25: =F25-BF25 -> 12 | BJ25: =(F25-BF25)/BF25 -> 0.095238095
A26: =ROW()-2 -> 24 | B26: Sphinx | C26: J SERIES | D26: BLA for RingCentral | E26: Russia | F26: =IF(SUM(O26:AT26)>0,SUM(O26:AT26)+100,0) -> 137 | G26: =IFERROR(SUM(O26:AT26)/COUNTA(O26:AT26), "") -> 1.15625 | H26: =IF(G26>=2.8,"Legendary",IF(G26>=2,"Avenger",IF(G26>=1,"Superhero","Hero"))) -> Superhero | I26: No | J26: No | K26: No | L26: No | M26: No | N26: Yes | O26: 1 | P26: 1 | Q26: 1 | R26: 1 | S26: 1 | T26: 2 | U26: 0 | V26: 1 | W26: 2 | X26: 2 | Y26: 1 | Z26: 2 | AA26: 2 | AB26: 0 | AC26: 2 | AD26: 2 | AE26: 1 | AF26: 1 | AG26: 1 | AH26: 3 | AI26: 1 | AJ26: 2 | AK26: 1 | AL26: 0 | AM26: 1 | AN26: 1 | AO26: 1 | AP26: 1 | AQ26: 1 | AR26: 0 | AS26: 1 | AT26: 0 | AU26: Eric Fleischmann | AV26: Elena Novikova | AW26: Elena Novikova, Oleg Guschin | AX26: James Erskine | AY26: Bob Fizzard | AZ26: Jarek Kovak | BA26: Done | BB26: 43586 | BC26: =IF(ISBLANK($BB26),"",(TODAY()-$BB26)/30) -> 12 | BD26: 126 | BE26: 139 | BF26: 137 | BG26: 137 | BH26: 136 | BI26: =F26-BF26 -> 0 | BJ26: =(F26-BF26)/BF26 -> 0
A27: =ROW()-2 -> 25 | B27: Hippogriff | C27: J SERIES | D27: BLF, Bluetooth, Audio Codecs | E27: Russia | F27: =IF(SUM(O27:AT27)>0,SUM(O27:AT27)+100,0) -> 136 | G27: =IFERROR(SUM(O27:AT27)/COUNTA(O27:AT27), "") -> 1.125 | H27: =IF(G27>=2.8,"Legendary",IF(G27>=2,"Avenger",IF(G27>=1,"Superhero","Hero"))) -> Superhero | I27: No | J27: No | K27: No | L27: No | M27: No | N27: Yes | O27: 1 | P27: 1 | Q27: 1 | R27: 1 | S27: 1 | T27: 2 | U27: 0 | V27: 1 | W27: 2 | X27: 1 | Y27: 1 | Z27: 2 | AA27: 2 | AB27: 0 | AC27: 2 | AD27: 2 | AE27: 1 | AF27: 1 | AG27: 1 | AH27: 3 | AI27: 1 | AJ27: 2 | AK27: 1 | AL27: 0 | AM27: 1 | AN27: 1 | AO27: 1 | AP27: 1 | AQ27: 1 | AR27: 0 | AS27: 1 | AT27: 0 | AU27: Eric Fleischmann | AV27: Anastasiya Loginova | AW27: Anastasiya Loginova | AX27: James Erskine | AY27: Bob Fizzard | AZ27: Jarek Kovak | BA27: Done | BB27: 43586 | BC27: =IF(ISBLANK($BB27),"",(TODAY()-$BB27)/30) -> 12 | BD27: 126 | BE27: 138 | BF27: 136 | BG27: 136 | BH27: 135 | BI27: =F27-BF27 -> 0 | BJ27: =(F27-BF27)/BF27 -> 0
A28: =ROW()-2 -> 26 | B28: Flex/CSP-Bangalore | C28: IX-CC | D28: Flex/CSP Bangalore | E28: India | F28: =IF(SUM(O28:AT28)>0,SUM(O28:AT28)+100,0) -> 135 | G28: =IFERROR(SUM(O28:AT28)/COUNTA(O28:AT28), "") -> 1.09375 | H28: =IF(G28>=2.8,"Legendary",IF(G28>=2,"Avenger",IF(G28>=1,"Superhero","Hero"))) -> Superhero | I28: No | J28: No | K28: No | L28: No | M28: No | N28: No | O28: 1 | P28: 1 | Q28: 1 | R28: 1 | S28: 2 | T28: 2 | U28: 2 | V28: 1 | W28: 2 | X28: 1 | Y28: 1 | Z28: 1 | AA28: 1 | AB28: 2 | AC28: 0 | AD28: 0 | AE28: 1 | AF28: 1 | AG28: 2 | AH28: 3 | AI28: 3 | AJ28: 1 | AK28: 1 | AL28: 0 | AM28: 1 | AN28: 1 | AO28: 0 | AP28: 1 | AQ28: 0 | AR28: 1 | AS28: 0 | AT28: 0 | AU28: Vijay Bholwani | AV28: Divya Mohan | AW28: Dhanuj Dharmarajan & Dinesh Udayakumar (Eventing) | AX28: Girish Solapur & Divya Mohan | AY28: Mike Killeen | AZ28: Paul D'Arcy | BA28: Done | BB28: 43481 | BC28: =IF(ISBLANK($BB28),"",(TODAY()-$BB28)/30) -> 15.5 | BD28: 129 | BE28: 119 | BF28: 134 | BG28: 134 | BH28: 134 | BI28: =F28-BF28 -> 1 | BJ28: =(F28-BF28)/BF28 -> 0.0074626866
A29: =ROW()-2 -> 27 | B29: Phoenix | C29: J SERIES | D29: Mercury phones | E29: Russia | F29: =IF(SUM(O29:AT29)>0,SUM(O29:AT29)+100,0) -> 135 | G29: =IFERROR(SUM(O29:AT29)/COUNTA(O29:AT29), "") -> 1.09375 | H29: =IF(G29>=2.8,"Legendary",IF(G29>=2,"Avenger",IF(G29>=1,"Superhero","Hero"))) -> Superhero | I29: No | J29: No | K29: No | L29: No | M29: No | N29: Yes | O29: 1 | P29: 1 | Q29: 1 | R29: 1 | S29: 1 | T29: 2 | U29: 0 | V29: 1 | W29: 2 | X29: 1 | Y29: 1 | Z29: 3 | AA29: 2 | AB29: 0 | AC29: 2 | AD29: 1 | AE29: 1 | AF29: 1 | AG29: 1 | AH29: 3 | AI29: 1 | AJ29: 1 | AK29: 0 | AL29: 0 | AM29: 1 | AN29: 1 | AO29: 1 | AP29: 1 | AQ29: 1 | AR29: 0 | AS29: 1 | AT29: 1 | AU29: Eric Fleischmann | AV29: Andrey Khudenkikh | AW29: Andrey Khudenkikh, Alexander Tokmakov | AX29: James Erskine | AY29: Bob Fizzard | AZ29: Jarek Kovak | BA29: Done | BB29: 43586 | BC29: =IF(ISBLANK($BB29),"",(TODAY()-$BB29)/30) -> 12 | BD29: 126 | BE29: 136 | BF29: 135 | BG29: 135 | BH29: 134 | BI29: =F29-BF29 -> 0 | BJ29: =(F29-BF29)/BF29 -> 0
A30: =ROW()-2 -> 28 | B30: Dragon | C30: J SERIES | D30: Avaya Cloud Offer (4.0.5.0) | E30: Russia | F30: =IF(SUM(O30:AT30)>0,SUM(O30:AT30)+100,0) -> 134 | G30: =IFERROR(SUM(O30:AT30)/COUNTA(O30:AT30), "") -> 1.0625 | H30: =IF(G30>=2.8,"Legendary",IF(G30>=2,"Avenger",IF(G30>=1,"Superhero","Hero"))) -> Superhero | I30: No | J30: No | K30: No | L30: No | M30: No | N30: Yes | O30: 1 | P30: 1 | Q30: 1 | R30: 1 | S30: 1 | T30: 2 | U30: 0 | V30: 1 | W30: 2 | X30: 1 | Y30: 1 | Z30: 2 | AA30: 2 | AB30: 0 | AC30: 1 | AD30: 1 | AE30: 1 | AF30: 1 | AG30: 1 | AH30: 3 | AI30: 1 | AJ30: 2 | AK30: 1 | AL30: 0 | AM30: 1 | AN30: 1 | AO30: 1 | AP30: 1 | AQ30: 1 | AR30: 0 | AS30: 1 | AT30: 0 | AU30: Eric Fleischmann | AV30: Mikhail Tagirov | AW30: Mikhail Tagirov, Aleksey Kalita | AX30: James Erskine | AY30: Bob Fizzard | AZ30: Jarek Kovak | BA30: Done | BB30: 43586 | BC30: =IF(ISBLANK($BB30),"",(TODAY()-$BB30)/30) -> 12 | BD30: 126 | BE30: 136 | BF30: 134 | BG30: 134 | BH30: 133 | BI30: =F30-BF30 -> 0 | BJ30: =(F30-BF30)/BF30 -> 0
A31: =ROW()-2 -> 29 | B31: Warriors | C31: Vantage | D31: Platform | E31: Israel | F31: =IF(SUM(O31:AT31)>0,SUM(O31:AT31)+100,0) -> 134 | G31: =IFERROR(SUM(O31:AT31)/COUNTA(O31:AT31), "") -> 1.0625 | H31: =IF(G31>=2.8,"Legendary",IF(G31>=2,"Avenger",IF(G31>=1,"Superhero","Hero"))) -> Superhero | I31: Partially | J31: Partially | K31: No | L31: No | M31: Yes | N31: No | O31: 1 | P31: 1 | Q31: 2 | R31: 1 | S31: 3 | T31: 2 | U31: 2 | V31: 1 | W31: 2 | X31: 1 | Y31: 0 | Z31: 2 | AA31: 1 | AB31: 1 | AC31: 1 | AD31: 0 | AE31: 1 | AF31: 0 | AG31: 1 | AH31: 0 | AI31: 3 | AJ31: 1 | AK31: 0 | AL31: 0 | AM31: 0 | AN31: 1 | AO31: 0 | AP31: 3 | AQ31: 2 | AR31: 0 | AS31: 0 | AT31: 1 | AU31: Erez Morabia | AV31: Alex Krichevsky | AW31: Erez Bergman | AX31: Yuval Cohen | AY31: Vandana Brar | AZ31: Jarek Kovak | BA31: Done | BB31: 43586 | BC31: =IF(ISBLANK($BB31),"",(TODAY()-$BB31)/30) -> 12 | BD31: 127 | BE31: 125 | BF31: 123 | BG31: 123 | BH31: 128 | BI31: =F31-BF31 -> 11 | BJ31: =(F31-BF31)/BF31 -> 0.089430894
A32: =ROW()-2 -> 30 | B32: Analytics 4.0 | C32: Oceana | D32: Analytics 4.0 | E32: Galway | F32: =IF(SUM(O32:AT32)>0,SUM(O32:AT32)+100,0) -> 133 | G32: =IFERROR(SUM(O32:AT32)/COUNTA(O32:AT32), "") -> 1.03125 | H32: =IF(G32>=2.8,"Legendary",IF(G32>=2,"Avenger",IF(G32>=1,"Superhero","Hero"))) -> Superhero | I32: Partially | J32: Partially | K32: No | L32: No | M32: Yes | N32: Yes | O32: 1 | P32: 2 | Q32: 2 | R32: 1 | S32: 1 | T32: 2 | U32: 3 | V32: 0 | W32: 1 | X32: 1 | Y32: 0 | Z32: 2 | AA32: 1 | AB32: 3 | AC32: 0 | AD32: 0 | AE32: 0 | AF32: 0 | AG32: 1 | AH32: 3 | AI32: 3 | AJ32: 2 | AK32: 0 | AL32: 1 | AM32: 0 | AN32: 1 | AO32: 0 | AP32: 1 | AQ32: 0 | AR32: 0 | AS32: 0 | AT32: 1 | AU32: Dejan Savic | AV32: Dejan Savic | AY32: David Mulry | AZ32: Eugene Garvin | BA32: Done | BB32: 43691 | BC32: =IF(ISBLANK($BB32),"",(TODAY()-$BB32)/30) -> 8.5 | BD32: 159 | BE32: 136 | BF32: 132 | BG32: 131 | BH32: 131 | BI32: =F32-BF32 -> 1 | BJ32: =(F32-BF32)/BF32 -> 0.0075757576
A33: =ROW()-2 -> 31 | B33: Ahaṁ Brahmāsmi | C33: IX-CC | D33: Flex/CSP Pune | E33: India | F33: =IF(SUM(O33:AT33)>0,SUM(O33:AT33)+100,0) -> 132 | G33: =IFERROR(SUM(O33:AT33)/COUNTA(O33:AT33), "") -> 1 | H33: =IF(G33>=2.8,"Legendary",IF(G33>=2,"Avenger",IF(G33>=1,"Superhero","Hero"))) -> Superhero | I33: No | J33: No | K33: No | L33: No | M33: Yes | N33: No | O33: 1 | P33: 2 | Q33: 1 | R33: 1 | S33: 2 | T33: 3 | U33: 2 | V33: 1 | W33: 2 | X33: 1 | Y33: 1 | Z33: 1 | AA33: 2 | AB33: 1 | AC33: 0 | AD33: 0 | AE33: 1 | AF33: 1 | AG33: 1 | AH33: 3 | AI33: 3 | AJ33: 1 | AK33: 0 | AL33: 0 | AM33: 0 | AN33: 1 | AO33: 0 | AP33: 0 | AQ33: 0 | AR33: 0 | AS33: 0 | AT33: 0 | AU33: Vijay Bholwani | AV33: Barkha Shukla | AW33: Shankar Makjija | AX33: Birendra Sinha & Anjali Doiphode | AY33: Mike Killeen | AZ33: Paul D'Arcy | BA33: Done | BB33: 43481 | BC33: =IF(ISBLANK($BB33),"",(TODAY()-$BB33)/30) -> 15.5 | BD33: 129 | BE33: 134 | BF33: 131 | BG33: 131 | BH33: 131 | BI33: =F33-BF33 -> 1 | BJ33: =(F33-BF33)/BF33 -> 0.0076335878
A34: =ROW()-2 -> 32 | B34: Unicorn | C34: J SERIES | D34: J189 / J189 UI components | E34: Russia | F34: =IF(SUM(O34:AT34)>0,SUM(O34:AT34)+100,0) -> 132 | G34: =IFERROR(SUM(O34:AT34)/COUNTA(O34:AT34), "") -> 1 | H34: =IF(G34>=2.8,"Legendary",IF(G34>=2,"Avenger",IF(G34>=1,"Superhero","Hero"))) -> Superhero | I34: No | J34: No | K34: No | L34: No | M34: No | N34: Yes | O34: 1 | P34: 1 | Q34: 1 | R34: 1 | S34: 1 | T34: 2 | U34: 0 | V34: 1 | W34: 1 | X34: 1 | Y34: 1 | Z34: 2 | AA34: 2 | AB34: 0 | AC34: 2 | AD34: 2 | AE34: 1 | AF34: 1 | AG34: 1 | AH34: 3 | AI34: 1 | AJ34: 1 | AK34: 0 | AL34: 0 | AM34: 1 | AN34: 1 | AO34: 1 | AP34: 0 | AQ34: 1 | AR34: 0 | AS34: 1 | AT34: 0 | AU34: Eric Fleischmann | AV34: Svetlana Podogova | AW34: Mikhail Tugashov, Svetlana Podogova | AX34: James Erskine | AY34: Bob Fizzard | AZ34: Jarek Kovak | BA34: Done | BB34: 43586 | BC34: =IF(ISBLANK($BB34),"",(TODAY()-$BB34)/30) -> 12 | BD34: 126 | BE34: 134 | BF34: 132 | BG34: 132 | BH34: 131 | BI34: =F34-BF34 -> 0 | BJ34: =(F34-BF34)/BF34 -> 0
A35: =ROW()-2 -> 33 | B35: Wyvern | C35: J SERIES | D35: LDAP, IPv6 | E35: Russia | F35: =IF(SUM(O35:AT35)>0,SUM(O35:AT35)+100,0) -> 132 | G35: =IFERROR(SUM(O35:AT35)/COUNTA(O35:AT35), "") -> 1 | H35: =IF(G35>=2.8,"Legendary",IF(G35>=2,"Avenger",IF(G35>=1,"Superhero","Hero"))) -> Superhero | I35: No | J35: No | K35: No | L35: No | M35: No | N35: Yes | O35: 1 | P35: 1 | Q35: 1 | R35: 1 | S35: 1 | T35: 2 | U35: 0 | V35: 1 | W35: 2 | X35: 1 | Y35: 1 | Z35: 2 | AA35: 2 | AB35: 0 | AC35: 1 | AD35: 1 | AE35: 1 | AF35: 1 | AG35: 1 | AH35: 3 | AI35: 1 | AJ35: 1 | AK35: 1 | AL35: 0 | AM35: 1 | AN35: 1 | AO35: 0 | AP35: 1 | AQ35: 1 | AR35: 0 | AS35: 1 | AT35: 0 | AU35: Eric Fleischmann | AV35: Alex Lyubimov | AW35: Alex Lyubimov | AX35: James Erskine | AY35: Bob Fizzard | AZ35: Jarek Kovak | BA35: Done | BB35: 43586 | BC35: =IF(ISBLANK($BB35),"",(TODAY()-$BB35)/30) -> 12 | BD35: 126 | BE35: 134 | BF35: 132 | BG35: 132 | BH35: 131 | BI35: =F35-BF35 -> 0 | BJ35: =(F35-BF35)/BF35 -> 0
A36: =ROW()-2 -> 34 | B36: Black Pearl | C36: J SERIES | D36: RTCP XR for RingCentral, Web UI | E36: India | F36: =IF(SUM(O36:AT36)>0,SUM(O36:AT36)+100,0) -> 131 | G36: =IFERROR(SUM(O36:AT36)/COUNTA(O36:AT36), "") -> 0.96875 | H36: =IF(G36>=2.8,"Legendary",IF(G36>=2,"Avenger",IF(G36>=1,"Superhero","Hero"))) -> Hero | I36: Yes | J36: Yes | K36: No | L36: No | M36: Yes | N36: Yes | O36: 1 | P36: 1 | Q36: 1 | R36: 1 | S36: 2 | T36: 2 | U36: 1 | V36: 1 | W36: 1 | X36: 0 | Y36: 1 | Z36: 3 | AA36: 1 | AB36: 1 | AC36: 1 | AD36: 1 | AE36: 1 | AF36: 1 | AG36: 1 | AH36: 3 | AI36: 1 | AJ36: 1 | AK36: 0 | AL36: 0 | AM36: 0 | AN36: 1 | AO36: 1 | AP36: 1 | AQ36: 0 | AR36: 0 | AS36: 1 | AT36: 0 | AU36: Vijay Bholwani | AV36: Gyanesh Soni | AW36: Jena Debakanta | AX36: Anand Padhye | AY36: Bob Fizzard | AZ36: Jarek Kovak | BA36: Done | BB36: 43586 | BC36: =IF(ISBLANK($BB36),"",(TODAY()-$BB36)/30) -> 12 | BD36: 120 | BE36: 129 | BF36: 128 | BG36: 128 | BH36: 130 | BI36: =F36-BF36 -> 3 | BJ36: =(F36-BF36)/BF36 -> 0.0234375
A37: =ROW()-2 -> 35 | B37: Analytics 3.x | C37: Oceana | D37: Analytics 3.x | E37: Galway | F37: =IF(SUM(O37:AT37)>0,SUM(O37:AT37)+100,0) -> 131 | G37: =IFERROR(SUM(O37:AT37)/COUNTA(O37:AT37), "") -> 0.96875 | H37: =IF(G37>=2.8,"Legendary",IF(G37>=2,"Avenger",IF(G37>=1,"Superhero","Hero"))) -> Hero | I37: Partially | J37: Yes | K37: No | L37: No | M37: Yes | N37: No | O37: 1 | P37: 2 | Q37: 1 | R37: 1 | S37: 1 | T37: 2 | U37: 3 | V37: 0 | W37: 1 | X37: 1 | Y37: 0 | Z37: 2 | AA37: 1 | AB37: 3 | AC37: 0 | AD37: 0 | AE37: 0 | AF37: 0 | AG37: 1 | AH37: 3 | AI37: 3 | AJ37: 2 | AK37: 0 | AL37: 1 | AM37: 0 | AN37: 0 | AO37: 0 | AP37: 1 | AQ37: 0 | AR37: 0 | AS37: 0 | AT37: 1 | AU37: Dejan Savic | AV37: Dejan Savic | AW37: Dejan Savic | AY37: David Mulry | AZ37: Eugene Garvin | BA37: Done | BB37: 43621 | BC37: =IF(ISBLANK($BB37),"",(TODAY()-$BB37)/30) -> 10.833333 | BD37: 156 | BE37: 136 | BF37: 131 | BG37: 130 | BH37: 130 | BI37: =F37-BF37 -> 0 | BJ37: =(F37-BF37)/BF37 -> 0
A38: =ROW()-2 -> 36 | B38: Gravity | C38: Usage Metering | D38: - | E38: India | F38: =IF(SUM(O38:AT38)>0,SUM(O38:AT38)+100,0) -> 131 | G38: =IFERROR(SUM(O38:AT38)/COUNTA(O38:AT38), "") -> 0.96875 | H38: =IF(G38>=2.8,"Legendary",IF(G38>=2,"Avenger",IF(G38>=1,"Superhero","Hero"))) -> Hero | I38: Yes | J38: Yes | K38: No | L38: No | M38: No | N38: No | O38: 1 | P38: 1 | Q38: 1 | R38: 1 | S38: 1 | T38: 2 | U38: 1 | V38: 1 | W38: 2 | X38: 1 | Y38: 1 | Z38: 3 | AA38: 2 | AB38: 2 | AC38: 0 | AD38: 1 | AE38: 1 | AF38: 1 | AG38: 2 | AH38: 0 | AI38: 1 | AJ38: 1 | AK38: 0 | AL38: 0 | AM38: 0 | AN38: 1 | AO38: 0 | AP38: 2 | AQ38: 1 | AR38: 0 | AS38: 0 | AT38: 0 | AU38: Vijay Bholwani | AV38: Sameer Sohanee | AW38: Gaurav Rachchh | AX38: Eyal Serero | AY38: Orly Shechtman | AZ38: Becky Richardson | BA38: Done | BD38: 0 | BE38: 0 | BF38: 130 | BG38: 130 | BH38: 130 | BI38: =F38-BF38 -> 1 | BJ38: =(F38-BF38)/BF38 -> 0.0076923077
A39: =ROW()-2 -> 37 | B39: Bahubali | C39: AWFOS | E39: India | F39: =IF(SUM(O39:AT39)>0,SUM(O39:AT39)+100,0) -> 131 | G39: =IFERROR(SUM(O39:AT39)/COUNTA(O39:AT39), "") -> 0.96875 | H39: =IF(G39>=2.8,"Legendary",IF(G39>=2,"Avenger",IF(G39>=1,"Superhero","Hero"))) -> Hero | I39: No | J39: Yes | K39: No | L39: No | M39: Yes | N39: Yes | O39: 1 | P39: 1 | Q39: 2 | R39: 2 | S39: 2 | T39: 2 | U39: 1 | V39: 1 | W39: 2 | X39: 1 | Y39: 1 | Z39: 1 | AA39: 1 | AB39: 1 | AC39: 1 | AD39: 1 | AE39: 1 | AF39: 1 | AG39: 1 | AH39: 3 | AI39: 1 | AJ39: 1 | AK39: 0 | AL39: 0 | AM39: 1 | AN39: 1 | AO39: 0 | AP39: 0 | AQ39: 0 | AR39: 0 | AS39: 0 | AT39: 0 | AU39: Vijay Bholwani | AV39: Guru Ayondhyanath | AY39: William Jolicoeur | AZ39: Pat Lawless | BA39: Done | BB39: 43466 | BC39: =IF(ISBLANK($BB39),"",(TODAY()-$BB39)/30) -> 16 | BD39: 138 | BE39: 133 | BF39: 129 | BG39: 129 | BH39: 129 | BI39: =F39-BF39 -> 2 | BJ39: =(F39-BF39)/BF39 -> 0.015503876
A40: =ROW()-2 -> 38 | B40: Usage Metering | C40: Usage Metering | D40: - | E40: Israel | F40: =IF(SUM(O40:AT40)>0,SUM(O40:AT40)+100,0) -> 130 | G40: =IFERROR(SUM(O40:AT40)/COUNTA(O40:AT40), "") -> 0.9375 | H40: =IF(G40>=2.8,"Legendary",IF(G40>=2,"Avenger",IF(G40>=1,"Superhero","Hero"))) -> Hero | I40: Partially | J40: Yes | K40: No | L40: No | M40: No | N40: No | O40: 1 | P40: 1 | Q40: 2 | R40: 1 | S40: 1 | T40: 1 | U40: 1 | V40: 1 | W40: 2 | X40: 0 | Y40: 0 | Z40: 2 | AA40: 2 | AB40: 2 | AC40: 0 | AD40: 1 | AE40: 0 | AF40: 0 | AG40: 0 | AH40: 3 | AI40: 3 | AJ40: 1 | AK40: 0 | AL40: 0 | AM40: 0 | AN40: 1 | AO40: 0 | AP40: 2 | AQ40: 0 | AR40: 0 | AS40: 0 | AT40: 2 | AU40: Erez Morabia | AV40: Zvika Oskar | AW40: Eyal Serero (P) | AX40: Eyal Serero | AY40: Orly Shechtman | AZ40: Becky Richardson | BA40: Done | BB40: 43586 | BC40: =IF(ISBLANK($BB40),"",(TODAY()-$BB40)/30) -> 12 | BD40: 136 | BE40: 134 | BF40: 129 | BG40: 129 | BH40: 129 | BI40: =F40-BF40 -> 1 | BJ40: =(F40-BF40)/BF40 -> 0.007751938
A41: =ROW()-2 -> 39 | B41: Assisted 3.x | C41: Oceana | D41: Assisted 3.x | E41: Galway | F41: =IF(SUM(O41:AT41)>0,SUM(O41:AT41)+100,0) -> 129 | G41: =IFERROR(SUM(O41:AT41)/COUNTA(O41:AT41), "") -> 0.90625 | H41: =IF(G41>=2.8,"Legendary",IF(G41>=2,"Avenger",IF(G41>=1,"Superhero","Hero"))) -> Hero | I41: Partially | J41: Partially | K41: No | L41: No | M41: Yes | N41: No | O41: 0 | P41: 2 | Q41: 0 | R41: 1 | S41: 1 | T41: 2 | U41: 3 | V41: 0 | W41: 1 | X41: 1 | Y41: 0 | Z41: 2 | AA41: 1 | AB41: 3 | AC41: 0 | AD41: 0 | AE41: 0 | AF41: 0 | AG41: 1 | AH41: 3 | AI41: 3 | AJ41: 2 | AK41: 0 | AL41: 1 | AM41: 0 | AN41: 0 | AO41: 0 | AP41: 1 | AQ41: 0 | AR41: 0 | AS41: 0 | AT41: 1 | AU41: Dejan Savic | AV41: Dejan Savic | AX41: Paul Kelly | AY41: Shane O'Neil | AZ41: Eugene Garvin | BA41: Done | BB41: 43691 | BC41: =IF(ISBLANK($BB41),"",(TODAY()-$BB41)/30) -> 8.5 | BD41: 150 | BE41: 131 | BF41: 129 | BG41: 129 | BH41: 129 | BI41: =F41-BF41 -> 0 | BJ41: =(F41-BF41)/BF41 -> 0
A42: =ROW()-2 -> 40 | B42: PLATFORMS | C42: Aura | D42: PLATFORMS | E42: India | F42: =IF(SUM(O42:AT42)>0,SUM(O42:AT42)+100,0) -> 129 | G42: =IFERROR(SUM(O42:AT42)/COUNTA(O42:AT42), "") -> 0.90625 | H42: =IF(G42>=2.8,"Legendary",IF(G42>=2,"Avenger",IF(G42>=1,"Superhero","Hero"))) -> Hero | I42: Yes | J42: Yes | K42: No | L42: No | M42: No | N42: No | O42: 1 | P42: 1 | Q42: 1 | R42: 1 | S42: 2 | T42: 2 | U42: 1 | V42: 2 | W42: 0 | X42: 1 | Y42: 1 | Z42: 0 | AA42: 2 | AB42: 3 | AC42: 0 | AD42: 1 | AE42: 1 | AF42: 1 | AG42: 1 | AH42: 3 | AI42: 1 | AJ42: 1 | AK42: 0 | AL42: 0 | AM42: 0 | AN42: 1 | AO42: 0 | AP42: 1 | AQ42: 0 | AR42: 0 | AS42: 0 | AT42: 0 | AU42: Vijay Bholwani | AV42: Vinaya Deshpande | AW42: Vivek Joshi | AX42: Ajay Talreja | AY42: Jerome Joanny | AZ42: Rick Windhausen / Durgesh | BA42: Done | BB42: 43678 | BC42: =IF(ISBLANK($BB42),"",(TODAY()-$BB42)/30) -> 8.9333333 | BD42: 125 | BE42: 130 | BF42: 127 | BG42: 127 | BH42: 128 | BI42: =F42-BF42 -> 2 | BJ42: =(F42-BF42)/BF42 -> 0.015748031
A43: =ROW()-2 -> 41 | B43: Lollipop | C43: Vantage | D43: Connect | E43: Israel | F43: =IF(SUM(O43:AT43)>0,SUM(O43:AT43)+100,0) -> 129 | G43: =IFERROR(SUM(O43:AT43)/COUNTA(O43:AT43), "") -> 0.90625 | H43: =IF(G43>=2.8,"Legendary",IF(G43>=2,"Avenger",IF(G43>=1,"Superhero","Hero"))) -> Hero | I43: Partially | J43: Partially | K43: No | L43: No | M43: Yes | N43: No | O43: 1 | P43: 1 | Q43: 2 | R43: 1 | S43: 1 | T43: 1 | U43: 2 | V43: 1 | W43: 2 | X43: 0 | Y43: 0 | Z43: 2 | AA43: 1 | AB43: 1 | AC43: 1 | AD43: 0 | AE43: 1 | AF43: 0 | AG43: 1 | AH43: 0 | AI43: 3 | AJ43: 1 | AK43: 0 | AL43: 0 | AM43: 0 | AN43: 0 | AO43: 0 | AP43: 3 | AQ43: 2 | AR43: 0 | AS43: 0 | AT43: 1 | AU43: Erez Morabia | AV43: Alex Borodin | AW43: Tair Sasson | AX43: Yuval Cohen | AY43: Vandana Brar | AZ43: Jarek Kovak | BA43: Done | BB43: 43586 | BC43: =IF(ISBLANK($BB43),"",(TODAY()-$BB43)/30) -> 12 | BD43: 123 | BE43: 118 | BF43: 117 | BG43: 117 | BH43: 125 | BI43: =F43-BF43 -> 12 | BJ43: =(F43-BF43)/BF43 -> 0.1025641
A44: =ROW()-2 -> 42 | B44: Conf EPs Sweden | C44: Conf EPs | D44: - | E44: Sweden | F44: =IF(SUM(O44:AT44)>0,SUM(O44:AT44)+100,0) -> 128 | G44: =IFERROR(SUM(O44:AT44)/COUNTA(O44:AT44), "") -> 0.875 | H44: =IF(G44>=2.8,"Legendary",IF(G44>=2,"Avenger",IF(G44>=1,"Superhero","Hero"))) -> Hero | I44: Yes | J44: Yes | K44: No | L44: No | M44: No | N44: Yes | O44: 1 | P44: 2 | Q44: 2 | R44: 1 | S44: 2 | T44: 2 | U44: 2 | V44: 1 | W44: 3 | X44: 0 | Y44: 0 | Z44: 0 | AA44: 0 | AB44: 3 | AC44: 1 | AD44: 1 | AE44: 0 | AF44: 0 | AG44: 1 | AH44: 0 | AI44: 1 | AJ44: 0 | AK44: 0 | AL44: 0 | AM44: 0 | AN44: 1 | AO44: 1 | AP44: 2 | AQ44: 1 | AR44: 0 | AS44: 0 | AT44: 0 | AU44: Shane Gannon/Erez Morabia | AV44: Magnus Häggström | AW44: Jonas Aronsson | AX44: Peter Fredriksson | AY44: Torbjörn Karlsson | AZ44: Peter Fredriksson | BA44: Done | BB44: 43801 | BC44: =IF(ISBLANK($BB44),"",(TODAY()-$BB44)/30) -> 4.8333333 | BD44: 128 | BE44: 129 | BF44: 126 | BG44: 126 | BH44: 126 | BI44: =F44-BF44 -> 2 | BJ44: =(F44-BF44)/BF44 -> 0.015873016
A45: =ROW()-2 -> 43 | B45: Comrades | C45: Conf EPs | D45: - | E45: Russia | F45: =IF(SUM(O45:AT45)>0,SUM(O45:AT45)+100,0) -> 127 | G45: =IFERROR(SUM(O45:AT45)/COUNTA(O45:AT45), "") -> 0.84375 | H45: =IF(G45>=2.8,"Legendary",IF(G45>=2,"Avenger",IF(G45>=1,"Superhero","Hero"))) -> Hero | I45: Yes | J45: Yes | K45: No | L45: No | M45: No | N45: Yes | O45: 1 | P45: 1 | Q45: 2 | R45: 1 | S45: 2 | T45: 2 | U45: 0 | V45: 1 | W45: 3 | X45: 0 | Y45: 0 | Z45: 0 | AA45: 2 | AB45: 3 | AC45: 1 | AD45: 1 | AE45: 0 | AF45: 0 | AG45: 1 | AH45: 0 | AI45: 1 | AJ45: 0 | AK45: 0 | AL45: 0 | AM45: 0 | AN45: 1 | AO45: 1 | AP45: 2 | AQ45: 1 | AR45: 0 | AS45: 0 | AT45: 0 | AU45: Shane Gannon/Erez Morabia | AV45: Dmitry Noskov | AW45: Jonas Aronsson | AX45: Peter Fredriksson | AY45: Torbjörn Karlsson | AZ45: Peter Fredriksson | BA45: Done | BB45: 43801 | BC45: =IF(ISBLANK($BB45),"",(TODAY()-$BB45)/30) -> 4.8333333 | BD45: 128 | BE45: 129 | BF45: 125 | BG45: 125 | BH45: 125 | BI45: =F45-BF45 -> 2 | BJ45: =(F45-BF45)/BF45 -> 0.016
A46: =ROW()-2 -> 44 | B46: SM | C46: Aura | D46: SM | E46: India | F46: =IF(SUM(O46:AT46)>0,SUM(O46:AT46)+100,0) -> 126 | G46: =IFERROR(SUM(O46:AT46)/COUNTA(O46:AT46), "") -> 0.8125 | H46: =IF(G46>=2.8,"Legendary",IF(G46>=2,"Avenger",IF(G46>=1,"Superhero","Hero"))) -> Hero | I46: Yes | J46: Yes | K46: No | L46: No | M46: Yes | N46: No | O46: 1 | P46: 1 | Q46: 1 | R46: 2 | S46: 1 | T46: 2 | U46: 1 | V46: 1 | W46: 1 | X46: 1 | Y46: 1 | Z46: 2 | AA46: 1 | AB46: 1 | AC46: 0 | AD46: 0 | AE46: 1 | AF46: 1 | AG46: 1 | AH46: 3 | AI46: 1 | AJ46: 1 | AK46: 0 | AL46: 0 | AM46: 0 | AN46: 1 | AO46: 0 | AP46: 0 | AQ46: 0 | AR46: 0 | AS46: 0 | AT46: 0 | AU46: Vijay Bholwani | AV46: Srivalli Keesara | AW46: Charles Parker | AX46: Elliot / Sameer | AY46: Lisa Marineli | AZ46: Rick Windhausen / Durgesh | BA46: Done | BB46: 43678 | BC46: =IF(ISBLANK($BB46),"",(TODAY()-$BB46)/30) -> 8.9333333 | BD46: 124 | BE46: 119 | BF46: 119 | BG46: 119 | BH46: 125 | BI46: =F46-BF46 -> 7 | BJ46: =(F46-BF46)/BF46 -> 0.058823529
A47: =ROW()-2 -> 45 | B47: GME | C47: IX Workplace Client | D47: GME | E47: United States | F47: =IF(SUM(O47:AT47)>0,SUM(O47:AT47)+100,0) -> 125 | G47: =IFERROR(SUM(O47:AT47)/COUNTA(O47:AT47), "") -> 0.78125 | H47: =IF(G47>=2.8,"Legendary",IF(G47>=2,"Avenger",IF(G47>=1,"Superhero","Hero"))) -> Hero | I47: No | J47: No | K47: No | L47: No | M47: No | N47: No | O47: 1 | P47: 1 | Q47: 0 | R47: 1 | S47: 2 | T47: 2 | U47: 2 | V47: 2 | W47: 1 | X47: 1 | Y47: 1 | Z47: 0 | AA47: 0 | AB47: 1 | AC47: 0 | AD47: 0 | AE47: 0 | AF47: 1 | AG47: 1 | AH47: 3 | AI47: 1 | AJ47: 2 | AK47: 0 | AL47: 0 | AM47: 0 | AN47: 1 | AO47: 0 | AP47: 1 | AQ47: 0 | AR47: 0 | AS47: 0 | AT47: 0 | AU47: Eric Fleischmann | AV47: David Dworkin | AW47: David Bundy (P) | AX47: David Bundy | AY47: Paul Relf | AZ47: Ruby Agarwal | BA47: Done | BB47: 43266 | BC47: =IF(ISBLANK($BB47),"",(TODAY()-$BB47)/30) -> 22.666667 | BD47: 141 | BE47: 125 | BF47: 125 | BG47: 125 | BH47: 125 | BI47: =F47-BF47 -> 0 | BJ47: =(F47-BF47)/BF47 -> 0
A48: =ROW()-2 -> 46 | B48: ASBCE US | C48: ASBCE | E48: United States | F48: =IF(SUM(O48:AT48)>0,SUM(O48:AT48)+100,0) -> 125 | G48: =IFERROR(SUM(O48:AT48)/COUNTA(O48:AT48), "") -> 0.78125 | H48: =IF(G48>=2.8,"Legendary",IF(G48>=2,"Avenger",IF(G48>=1,"Superhero","Hero"))) -> Hero | I48: Yes | J48: Yes | K48: No | L48: No | M48: Yes | N48: No | O48: 1 | P48: 2 | Q48: 1 | R48: 1 | S48: 1 | T48: 2 | U48: 0 | V48: 1 | W48: 1 | X48: 1 | Y48: 1 | Z48: 0 | AA48: 1 | AB48: 2 | AC48: 1 | AD48: 0 | AE48: 0 | AF48: 1 | AG48: 1 | AH48: 3 | AI48: 1 | AJ48: 1 | AK48: 0 | AL48: 0 | AM48: 0 | AN48: 1 | AO48: 0 | AP48: 0 | AQ48: 0 | AR48: 0 | AS48: 1 | AT48: 0 | AU48: Eric Fleischmann | AV48: Suresh Sukumar | AW48: Chandra Manchenella | AX48: Erik Essmaker | AY48: Jerome Joanny | AZ48: Praveen Reddyreddy | BA48: Done | BB48: 43556 | BC48: =IF(ISBLANK($BB48),"",(TODAY()-$BB48)/30) -> 13 | BD48: 126 | BE48: 124 | BF48: 122 | BG48: 122 | BH48: 124 | BI48: =F48-BF48 -> 3 | BJ48: =(F48-BF48)/BF48 -> 0.024590164
A49: =ROW()-2 -> 47 | B49: CM | C49: Aura | D49: CM | E49: India | F49: =IF(SUM(O49:AT49)>0,SUM(O49:AT49)+100,0) -> 124 | G49: =IFERROR(SUM(O49:AT49)/COUNTA(O49:AT49), "") -> 0.75 | H49: =IF(G49>=2.8,"Legendary",IF(G49>=2,"Avenger",IF(G49>=1,"Superhero","Hero"))) -> Hero | I49: Yes | J49: Yes | K49: No | L49: No | M49: Yes | N49: No | O49: 1 | P49: 1 | Q49: 1 | R49: 2 | S49: 1 | T49: 2 | U49: 1 | V49: 0 | W49: 1 | X49: 1 | Y49: 1 | Z49: 2 | AA49: 1 | AB49: 1 | AC49: 0 | AD49: 0 | AE49: 1 | AF49: 1 | AG49: 1 | AH49: 3 | AI49: 1 | AJ49: 0 | AK49: 0 | AL49: 0 | AM49: 0 | AN49: 1 | AO49: 0 | AP49: 0 | AQ49: 0 | AR49: 0 | AS49: 0 | AT49: 0 | AU49: Vijay Bholwani | AV49: Srivalli Keesara | AW49: Dhananjay Shende / Tanvi Sharma | AX49: Ananda / Rick S | AY49: Abhishek Gupta | AZ49: Rick Windhausen / Durgesh | BA49: Done | BB49: 43678 | BC49: =IF(ISBLANK($BB49),"",(TODAY()-$BB49)/30) -> 8.9333333 | BD49: 127 | BE49: 118 | BF49: 118 | BG49: 118 | BH49: 123 | BI49: =F49-BF49 -> 6 | BJ49: =(F49-BF49)/BF49 -> 0.050847458
A50: =ROW()-2 -> 48 | B50: AADS | C50: AADS | E50: India | F50: =IF(SUM(O50:AT50)>0,SUM(O50:AT50)+100,0) -> 124 | G50: =IFERROR(SUM(O50:AT50)/COUNTA(O50:AT50), "") -> 0.75 | H50: =IF(G50>=2.8,"Legendary",IF(G50>=2,"Avenger",IF(G50>=1,"Superhero","Hero"))) -> Hero | I50: Yes | J50: Yes | K50: No | L50: No | M50: Yes | N50: Yes | O50: 1 | P50: 1 | Q50: 2 | R50: 1 | S50: 1 | T50: 1 | U50: 1 | V50: 1 | W50: 0 | X50: 0 | Y50: 1 | Z50: 1 | AA50: 1 | AB50: 1 | AC50: 0 | AD50: 0 | AE50: 1 | AF50: 1 | AG50: 1 | AH50: 3 | AI50: 3 | AJ50: 1 | AK50: 0 | AL50: 0 | AM50: 0 | AN50: 1 | AO50: 0 | AP50: 0 | AQ50: 0 | AR50: 0 | AS50: 0 | AT50: 0 | AU50: Vijay Bholwani | AV50: Nidhi Dhawan | AY50: Kirk J | AZ50: Brian Hills | BA50: Done | BC50: =IF(ISBLANK($BB50),"",(TODAY()-$BB50)/30) | BD50: 134 | BE50: 125 | BF50: 121 | BG50: 121 | BH50: 121 | BI50: =F50-BF50 -> 3 | BJ50: =(F50-BF50)/BF50 -> 0.024793388
A51: =ROW()-2 -> 49 | B51: Context Store/Cust Mgt | C51: Oceana 3.x | D51: Context Store / Cust Mgt | E51: Galway | F51: =IF(SUM(O51:AT51)>0,SUM(O51:AT51)+100,0) -> 123 | G51: =IFERROR(SUM(O51:AT51)/COUNTA(O51:AT51), "") -> 0.71875 | H51: =IF(G51>=2.8,"Legendary",IF(G51>=2,"Avenger",IF(G51>=1,"Superhero","Hero"))) -> Hero | I51: Yes | J51: Yes | K51: No | L51: Yes | M51: No | N51: Yes | O51: 1 | P51: 1 | Q51: 2 | R51: 2 | S51: 0 | T51: 3 | U51: 0 | V51: 0 | W51: 2 | X51: 1 | Y51: 0 | Z51: 1 | AA51: 0 | AB51: 0 | AC51: 1 | AD51: 0 | AE51: 1 | AF51: 1 | AG51: 0 | AH51: 3 | AI51: 1 | AJ51: 1 | AK51: 0 | AL51: 1 | AM51: 0 | AN51: 0 | AO51: 0 | AP51: 1 | AQ51: 0 | AR51: 0 | AS51: 0 | AT51: 0 | AU51: Dejan Savic | AV51: Catherine O'Connor | AW51: Yvonne Aherne | AX51: Yanto Jones | AY51: Shane O'Neill | AZ51: Eugene Garvin | BA51: Done | BB51: 43691 | BC51: =IF(ISBLANK($BB51),"",(TODAY()-$BB51)/30) -> 8.5 | BD51: 118 | BE51: 106 | BF51: 102 | BG51: 102 | BH51: 102 | BI51: =F51-BF51 -> 21 | BJ51: =(F51-BF51)/BF51 -> 0.20588235
A52: =ROW()-2 -> 50 | B52: Arya | C52: Vantage | D52: Audio | E52: India | F52: =IF(SUM(O52:AT52)>0,SUM(O52:AT52)+100,0) -> 123 | G52: =IFERROR(SUM(O52:AT52)/COUNTA(O52:AT52), "") -> 0.71875 | H52: =IF(G52>=2.8,"Legendary",IF(G52>=2,"Avenger",IF(G52>=1,"Superhero","Hero"))) -> Hero | I52: Yes | J52: Yes | K52: No | L52: No | M52: Yes | N52: No | O52: 1 | P52: 1 | Q52: 2 | R52: 1 | S52: 1 | T52: 2 | U52: 1 | V52: 1 | W52: 2 | X52: 0 | Y52: 0 | Z52: 2 | AA52: 2 | AB52: 1 | AC52: 0 | AD52: 0 | AE52: 1 | AF52: 0 | AG52: 1 | AH52: 0 | AI52: 0 | AJ52: 1 | AK52: 0 | AL52: 0 | AM52: 0 | AN52: 1 | AO52: 0 | AP52: 2 | AQ52: 0 | AR52: 0 | AS52: 0 | AT52: 0 | AU52: Vijay Bholwani | AV52: Sumita Divakaran | AW52: Erez Bergman | AX52: Yuval Cohen | AY52: Vandana Brar | AZ52: Jarek Kovak | BA52: Done | BB52: 43586 | BC52: =IF(ISBLANK($BB52),"",(TODAY()-$BB52)/30) -> 12 | BD52: 122 | BE52: 118 | BF52: 117 | BG52: 117 | BH52: 117 | BI52: =F52-BF52 -> 6 | BJ52: =(F52-BF52)/BF52 -> 0.051282051
A53: =ROW()-2 -> 51 | B53: ASBCE India | C53: ASBCE | E53: India | F53: =IF(SUM(O53:AT53)>0,SUM(O53:AT53)+100,0) -> 122 | G53: =IFERROR(SUM(O53:AT53)/COUNTA(O53:AT53), "") -> 0.6875 | H53: =IF(G53>=2.8,"Legendary",IF(G53>=2,"Avenger",IF(G53>=1,"Superhero","Hero"))) -> Hero | I53: Yes | J53: Yes | K53: No | L53: No | M53: Yes | N53: No | O53: 0 | P53: 1 | Q53: 1 | R53: 1 | S53: 1 | T53: 2 | U53: 0 | V53: 0 | W53: 1 | X53: 1 | Y53: 1 | Z53: 1 | AA53: 0 | AB53: 1 | AC53: 0 | AD53: 0 | AE53: 0 | AF53: 1 | AG53: 1 | AH53: 3 | AI53: 3 | AJ53: 1 | AK53: 0 | AL53: 0 | AM53: 0 | AN53: 1 | AO53: 0 | AP53: 0 | AQ53: 0 | AR53: 0 | AS53: 1 | AT53: 0 | AU53: Vijay Bholwani | AV53: Nidhi Dhawan | AY53: Jerome Joanny | AZ53: Praveen Reddyreddy | BA53: Done | BB53: 43556 | BC53: =IF(ISBLANK($BB53),"",(TODAY()-$BB53)/30) -> 13 | BD53: 118 | BE53: 123 | BF53: 122 | BG53: 122 | BH53: 121 | BI53: =F53-BF53 -> 0 | BJ53: =(F53-BF53)/BF53 -> 0
A54: =ROW()-2 -> 52 | B54: AES | C54: Aura | D54: AES | E54: India | F54: =IF(SUM(O54:AT54)>0,SUM(O54:AT54)+100,0) -> 121 | G54: =IFERROR(SUM(O54:AT54)/COUNTA(O54:AT54), "") -> 0.65625 | H54: =IF(G54>=2.8,"Legendary",IF(G54>=2,"Avenger",IF(G54>=1,"Superhero","Hero"))) -> Hero | I54: Yes | J54: Yes | K54: No | L54: No | M54: No | N54: No | O54: 1 | P54: 1 | Q54: 1 | R54: 2 | S54: 1 | T54: 2 | U54: 1 | V54: 0 | W54: 1 | X54: 1 | Y54: 1 | Z54: 0 | AA54: 0 | AB54: 1 | AC54: 0 | AD54: 0 | AE54: 1 | AF54: 1 | AG54: 1 | AH54: 3 | AI54: 1 | AJ54: 0 | AK54: 0 | AL54: 0 | AM54: 0 | AN54: 1 | AO54: 0 | AP54: 0 | AQ54: 0 | AR54: 0 | AS54: 0 | AT54: 0 | AU54: Vijay Bholwani | AV54: Modi Sandip | AW54: Neerad Vakil | AX54: Prachi / Sameer | AY54: Lajwanti Doshi | AZ54: Rick Windhausen / Durgesh | BA54: Done | BB54: 43678 | BC54: =IF(ISBLANK($BB54),"",(TODAY()-$BB54)/30) -> 8.9333333 | BD54: 125 | BE54: 119 | BF54: 116 | BG54: 116 | BH54: 120 | BI54: =F54-BF54 -> 5 | BJ54: =(F54-BF54)/BF54 -> 0.043103448
A55: =ROW()-2 -> 53 | B55: SMGR | C55: Aura | D55: SMGR | E55: India | F55: =IF(SUM(O55:AT55)>0,SUM(O55:AT55)+100,0) -> 121 | G55: =IFERROR(SUM(O55:AT55)/COUNTA(O55:AT55), "") -> 0.65625 | H55: =IF(G55>=2.8,"Legendary",IF(G55>=2,"Avenger",IF(G55>=1,"Superhero","Hero"))) -> Hero | I55: Yes | J55: Yes | K55: No | L55: No | M55: No | N55: No | O55: 1 | P55: 1 | Q55: 1 | R55: 1 | S55: 1 | T55: 1 | U55: 1 | V55: 0 | W55: 1 | X55: 1 | Y55: 1 | Z55: 0 | AA55: 1 | AB55: 1 | AC55: 0 | AD55: 0 | AE55: 1 | AF55: 1 | AG55: 1 | AH55: 3 | AI55: 1 | AJ55: 0 | AK55: 0 | AL55: 0 | AM55: 0 | AN55: 1 | AO55: 0 | AP55: 1 | AQ55: 0 | AR55: 0 | AS55: 0 | AT55: 0 | AU55: Vijay Bholwani | AV55: Subin K | AW55: Parag Patil | AX55: Saurabh Pawar | AY55: Bob Close | AZ55: Rick Windhausen / Durgesh | BA55: Done | BB55: 43678 | BC55: =IF(ISBLANK($BB55),"",(TODAY()-$BB55)/30) -> 8.9333333 | BD55: 125 | BE55: 123 | BF55: 120 | BG55: 120 | BH55: 120 | BI55: =F55-BF55 -> 1 | BJ55: =(F55-BF55)/BF55 -> 0.0083333333
A56: =ROW()-2 -> 54 | B56: Alpacas | C56: Callback Assist | D56: - | E56: Argentina | F56: =IF(SUM(O56:AT56)>0,SUM(O56:AT56)+100,0) -> 118 | G56: =IFERROR(SUM(O56:AT56)/COUNTA(O56:AT56), "") -> 0.5625 | H56: =IF(G56>=2.8,"Legendary",IF(G56>=2,"Avenger",IF(G56>=1,"Superhero","Hero"))) -> Hero | I56: No | J56: No | K56: No | L56: No | M56: No | N56: Yes | O56: 1 | P56: 1 | Q56: 2 | R56: 2 | S56: 0 | T56: 0 | U56: 0 | V56: 0 | W56: 1 | X56: 0 | Y56: 1 | Z56: 3 | AA56: 0 | AB56: 1 | AC56: 0 | AD56: 0 | AE56: 0 | AF56: 0 | AG56: 1 | AH56: 0 | AI56: 0 | AJ56: 0 | AK56: 0 | AL56: 0 | AM56: 0 | AN56: 1 | AO56: 0 | AP56: 3 | AQ56: 1 | AR56: 0 | AS56: 0 | AT56: 0 | AU56: Matias Monguillot/Erez Morabia | AV56: Semen Fedorov | AW56: Pablo Rios | AX56: Pablo Rios | AY56: Diego Klajner | AZ56: Susana Martins | BA56: Done | BB56: 43811 | BC56: =IF(ISBLANK($BB56),"",(TODAY()-$BB56)/30) -> 4.5 | BD56: - | BE56: 121 | BF56: 116 | BG56: 116 | BH56: 116 | BI56: =F56-BF56 -> 2 | BJ56: =(F56-BF56)/BF56 -> 0.017241379
A57: =ROW()-2 -> 55 | B57: Vantage Platform | C57: Vantage | D57: Platform | E57: Russia | F57: =IF(SUM(O57:AT57)>0,SUM(O57:AT57)+100,0) -> 109 | G57: =IFERROR(SUM(O57:AT57)/COUNTA(O57:AT57), "") -> 0.28125 | H57: =IF(G57>=2.8,"Legendary",IF(G57>=2,"Avenger",IF(G57>=1,"Superhero","Hero"))) -> Hero | I57: No | J57: No | K57: No | L57: No | M57: No | N57: No | O57: 1 | P57: 0 | Q57: 0 | R57: 0 | S57: 0 | T57: 0 | U57: 0 | V57: 0 | W57: 0 | X57: 0 | Y57: 0 | Z57: 0 | AA57: 0 | AB57: 2 | AC57: 0 | AD57: 0 | AE57: 0 | AF57: 0 | AG57: 1 | AH57: 0 | AI57: 0 | AJ57: 1 | AK57: 0 | AL57: 0 | AM57: 0 | AN57: 0 | AO57: 0 | AP57: 3 | AQ57: 1 | AR57: 0 | AS57: 0 | AT57: 0 | AU57: Erez Morabia | AV57: NA | AW57: Ronen Bar-Yoav | AX57: Yuval Cohen | AY57: Vandana Brar | AZ57: Jarek Kovak | BA57: Done | BB57: 43586 | BC57: =IF(ISBLANK($BB57),"",(TODAY()-$BB57)/30) -> 12 | BD57: 0 | BE57: 112 | BF57: 109 | BG57: 109 | BH57: 109 | BI57: =F57-BF57 -> 0 | BJ57: =(F57-BF57)/BF57 -> 0
A58: =ROW()-2 -> 56 | B58: CI/CD | C58: IX-CC | D58: CI/CD | E58: Galway | F58: =IF(SUM(O58:AT58)>0,SUM(O58:AT58)+100,0) -> 0 | G58: =IFERROR(SUM(O58:AT58)/COUNTA(O58:AT58), "") -> 0 | H58: =IF(G58>=2.8,"Legendary",IF(G58>=2,"Avenger",IF(G58>=1,"Superhero","Hero"))) -> Hero | I58: Yes | J58: Yes | K58: No | L58: No | M58: No | N58: No | O58: 0 | P58: 0 | Q58: 0 | R58: 0 | S58: 0 | T58: 0 | U58: 0 | V58: 0 | W58: 0 | X58: 0 | Y58: 0 | Z58: 0 | AA58: 0 | AB58: 0 | AC58: 0 | AD58: 0 | AE58: 0 | AF58: 0 | AG58: 0 | AH58: 0 | AI58: 0 | AJ58: 0 | AK58: 0 | AL58: 0 | AM58: 0 | AN58: 0 | AO58: 0 | AP58: 0 | AQ58: 0 | AR58: 0 | AS58: 0 | AT58: 0 | AU58: Shane Gannon/Sue Keegan | AV58: Kieran Horan (P) | AW58: Kieran Horan (P) | AX58: Kieran Horan | AY58: Paul D'Arcy | AZ58: Paul D'Arcy | BA58: Not Started | BB58: 43481 | BC58: =IF(ISBLANK($BB58),"",(TODAY()-$BB58)/30) -> 15.5 | BD58: 109 | BE58: 0 | BF58: 0 | BG58: 0 | BH58: 0 | BI58: =F58-BF58 -> 0 | BJ58: =(F58-BF58)/BF58 -> #DIV/0!
A59: =ROW()-2 -> 57 | B59: Desktop Connector | C59: IX-CC | D59: Desktop Connector | E59: Galway | F59: =IF(SUM(O59:AT59)>0,SUM(O59:AT59)+100,0) -> 0 | G59: =IFERROR(SUM(O59:AT59)/COUNTA(O59:AT59), "") -> 0 | H59: =IF(G59>=2.8,"Legendary",IF(G59>=2,"Avenger",IF(G59>=1,"Superhero","Hero"))) -> Hero | I59: Yes | J59: Yes | K59: No | L59: No | M59: No | N59: No | O59: 0 | P59: 0 | Q59: 0 | R59: 0 | S59: 0 | T59: 0 | U59: 0 | V59: 0 | W59: 0 | X59: 0 | Y59: 0 | Z59: 0 | AA59: 0 | AB59: 0 | AC59: 0 | AD59: 0 | AE59: 0 | AF59: 0 | AG59: 0 | AH59: 0 | AI59: 0 | AJ59: 0 | AK59: 0 | AL59: 0 | AM59: 0 | AN59: 0 | AO59: 0 | AP59: 0 | AQ59: 0 | AR59: 0 | AS59: 0 | AT59: 0 | AU59: Shane Gannon/Sue Keegan | AV59: Eve Daly | AW59: Daniel O'Beirne (P) | AX59: Daniel O'Beirne | AY59: Wayne Bevan | AZ59: Paul D'Arcy | BA59: Not Started | BB59: 43481 | BC59: =IF(ISBLANK($BB59),"",(TODAY()-$BB59)/30) -> 15.5 | BD59: 109 | BE59: 0 | BF59: 0 | BG59: 0 | BH59: 0 | BI59: =F59-BF59 -> 0 | BJ59: =(F59-BF59)/BF59 -> #DIV/0!
A60: =ROW()-2 -> 58 | B60: UMR | C60: IX-CC | D60: UMR | E60: Galway | F60: =IF(SUM(O60:AT60)>0,SUM(O60:AT60)+100,0) -> 0 | G60: =IFERROR(SUM(O60:AT60)/COUNTA(O60:AT60), "") -> 0 | H60: =IF(G60>=2.8,"Legendary",IF(G60>=2,"Avenger",IF(G60>=1,"Superhero","Hero"))) -> Hero | I60: Yes | J60: Yes | K60: No | L60: No | M60: No | N60: No | O60: 0 | P60: 0 | Q60: 0 | R60: 0 | S60: 0 | T60: 0 | U60: 0 | V60: 0 | W60: 0 | X60: 0 | Y60: 0 | Z60: 0 | AA60: 0 | AB60: 0 | AC60: 0 | AD60: 0 | AE60: 0 | AF60: 0 | AG60: 0 | AH60: 0 | AI60: 0 | AJ60: 0 | AK60: 0 | AL60: 0 | AM60: 0 | AN60: 0 | AO60: 0 | AP60: 0 | AQ60: 0 | AR60: 0 | AS60: 0 | AT60: 0 | AU60: Shane Gannon/Sue Keegan | AV60: Eve Daly | AW60: ? | AX60: ? | AY60: ? | AZ60: ? | BA60: Not Started | BI60: =F60-BF60 -> 0 | BJ60: =(F60-BF60)/BF60 -> #DIV/0!
A61: =ROW()-2 -> 59 | B61: Workspaces UWF | C61: IX-CC | D61: Workspaces UWF | E61: Galway | F61: =IF(SUM(O61:AT61)>0,SUM(O61:AT61)+100,0) -> 0 | G61: =IFERROR(SUM(O61:AT61)/COUNTA(O61:AT61), "") -> 0 | H61: =IF(G61>=2.8,"Legendary",IF(G61>=2,"Avenger",IF(G61>=1,"Superhero","Hero"))) -> Hero | I61: Yes | J61: Yes | K61: No | L61: No | M61: No | N61: No | O61: 0 | P61: 0 | Q61: 0 | R61: 0 | S61: 0 | T61: 0 | U61: 0 | V61: 0 | W61: 0 | X61: 0 | Y61: 0 | Z61: 0 | AA61: 0 | AB61: 0 | AC61: 0 | AD61: 0 | AE61: 0 | AF61: 0 | AG61: 0 | AH61: 0 | AI61: 0 | AJ61: 0 | AK61: 0 | AL61: 0 | AM61: 0 | AN61: 0 | AO61: 0 | AP61: 0 | AQ61: 0 | AR61: 0 | AS61: 0 | AT61: 0 | AU61: Shane Gannon/Sue Keegan | AV61: Irene Blewitt | AW61: Donal Tarpey | AX61: Pete Flannery | AY61: Wayne Bevan | AZ61: Paul D'Arcy | BA61: Not Started | BB61: 43607 | BC61: =IF(ISBLANK($BB61),"",(TODAY()-$BB61)/30) -> 11.3 | BD61: 109 | BE61: 0 | BF61: 0 | BG61: 0 | BH61: 0 | BI61: =F61-BF61 -> 0 | BJ61: =(F61-BF61)/BF61 -> #DIV/0!
A62: =ROW()-2 -> 60 | B62: Digitalcustomchannel | C62: IX-CC | D62: Digital & Messaging | E62: India | F62: =IF(SUM(O62:AT62)>0,SUM(O62:AT62)+100,0) -> 0 | G62: =IFERROR(SUM(O62:AT62)/COUNTA(O62:AT62), "") -> 0 | H62: =IF(G62>=2.8,"Legendary",IF(G62>=2,"Avenger",IF(G62>=1,"Superhero","Hero"))) -> Hero | I62: Partially | J62: Partially | K62: No | L62: No | M62: Yes | N62: No | O62: 0 | P62: 0 | Q62: 0 | R62: 0 | S62: 0 | T62: 0 | U62: 0 | V62: 0 | W62: 0 | X62: 0 | Y62: 0 | Z62: 0 | AA62: 0 | AB62: 0 | AC62: 0 | AD62: 0 | AE62: 0 | AF62: 0 | AG62: 0 | AH62: 0 | AI62: 0 | AJ62: 0 | AK62: 0 | AL62: 0 | AM62: 0 | AN62: 0 | AO62: 0 | AP62: 0 | AQ62: 0 | AR62: 0 | AS62: 0 | AT62: 0 | AU62: Vijay Bholwani | AV62: Trupti Kondavale | AW62: Arjun Rawat | AX62: Anjum Siddique | AY62: Abhi Kasturi | AZ62: Paul D'Arcy | BA62: Not Started | BB62: 43481 | BC62: =IF(ISBLANK($BB62),"",(TODAY()-$BB62)/30) -> 15.5 | BD62: 0 | BE62: 0 | BF62: 0 | BG62: 0 | BH62: 0 | BI62: =F62-BF62 -> 0 | BJ62: =(F62-BF62)/BF62 -> #DIV/0!
A63: =ROW()-2 -> 61 | B63: Flex/CSP-Thornton | C63: IX-CC | D63: Flex/CSP Thornton | E63: United States | F63: =IF(SUM(O63:AT63)>0,SUM(O63:AT63)+100,0) -> 0 | G63: =IFERROR(SUM(O63:AT63)/COUNTA(O63:AT63), "") -> 0 | H63: =IF(G63>=2.8,"Legendary",IF(G63>=2,"Avenger",IF(G63>=1,"Superhero","Hero"))) -> Hero | I63: Yes | J63: Yes | K63: No | L63: No | M63: Yes | N63: No | O63: 0 | P63: 0 | Q63: 0 | R63: 0 | S63: 0 | T63: 0 | U63: 0 | V63: 0 | W63: 0 | X63: 0 | Y63: 0 | Z63: 0 | AA63: 0 | AB63: 0 | AC63: 0 | AD63: 0 | AE63: 0 | AF63: 0 | AG63: 0 | AH63: 0 | AI63: 0 | AJ63: 0 | AK63: 0 | AL63: 0 | AM63: 0 | AN63: 0 | AO63: 0 | AP63: 0 | AQ63: 0 | AR63: 0 | AS63: 0 | AT63: 0 | AU63: Shane Gannon/Sue Keegan | AV63: Judson Smith | AW63: Becky Richardson (P) | AX63: Becky Richardson | AY63: Mike Killeen | AZ63: Becky Richardson | BA63: Not Started | BB63: 43481 | BC63: =IF(ISBLANK($BB63),"",(TODAY()-$BB63)/30) -> 15.5 | BD63: 0 | BE63: 0 | BF63: 0 | BG63: 0 | BH63: 0 | BI63: =F63-BF63 -> 0 | BJ63: =(F63-BF63)/BF63 -> #DIV/0!
I64: =(COUNTIFS(I3:I63, "Yes")+COUNTIFS(I3:I63, "Partially"))/COUNTA(I3:I63) -> 0.67213115 | J64: =(COUNTIFS(J3:J63, "Yes")+COUNTIFS(J3:J63, "Partially"))/COUNTA(J3:J63) -> 0.68852459 | K64: =COUNTIFS(K3:K63, "Yes")/COUNTA(K3:K63) -> 0.032786885 | L64: =COUNTIFS(L3:L63, "Yes")/COUNTA(L3:L63) -> 0.098360656 | M64: =COUNTIFS(M3:M63, "Yes")/COUNTA(M3:M63) -> 0.55737705 | N64: =COUNTIFS(N3:N63, "Yes")/COUNTA(N3:N63) -> 0.40983607 | O64: =SUBTOTAL(9, O3:O63)/(SUBTOTAL(3, O3:O63)*3) -> 0.32786885 | P64: =SUBTOTAL(9, P3:P63)/(SUBTOTAL(3, P3:P63)*3) -> 0.42076503 | Q64: =SUBTOTAL(9, Q3:Q63)/(SUBTOTAL(3, Q3:Q63)*3) -> 0.42622951 | R64: =SUBTOTAL(9, R3:R63)/(SUBTOTAL(3, R3:R63)*3) -> 0.49180328 | S64: =SUBTOTAL(9, S3:S63)/(SUBTOTAL(3, S3:S63)*3) -> 0.49726776 | T64: =SUBTOTAL(9, T3:T63)/(SUBTOTAL(3, T3:T63)*3) -> 0.63934426 | U64: =SUBTOTAL(9, U3:U63)/(SUBTOTAL(3, U3:U63)*3) -> 0.46448087 | V64: =SUBTOTAL(9, V3:V63)/(SUBTOTAL(3, V3:V63)*3) -> 0.3715847 | ... AT64: =SUBTOTAL(9, AT3:AT63)/(SUBTOTAL(3, AT3:AT63)*3) -> 0.12568306

Sheet PMT
E2: Product line | F2: J SERIES
E4: Product Owner | F4: Scrum Master | G4: Multi Functional Team | H4: DoD | I4: DoR | J4: AIM ceremonies | K4: Scrum area | L4: Story Points | M4: Tasking | N4: Backlog grooming (sprint) | O4: Backlog grooming (release) | P4: Demo | Q4: Retro | R4: Unified backlog | S4: Personas | T4: Story mapping | U4: Work-Item templates | V4: Tech debt strategy | W4: Defect management strategy | X4: AIM JIRA structure | Y4: Release tracker | Z4: Sprint burndown | AA4: BDD | AB4: TDD | AC4: Test automation | AD4: CI/CD | AE4: Shift-left adoption | AF4: Single branch strategy | AG4: Reducing WIP | AH4: Engineering 360 | AI4: Customer engagement | AJ4: Time to Value Delivery
E5: =SUMPRODUCT( (Original!$O$3:$AS$101) * (Original!$C$3:$C$101 = $F$2) * (Original!$O$2:$AS$2 = E4)) / (COUNTIF(Original!$C$3:$C$101,PMT!$F$2)*3) -> 0.33333333 | F5: =SUMPRODUCT( (Original!$O$3:$AS$101) * (Original!$C$3:$C$101 = $F$2) * (Original!$O$2:$AS$2 = F4)) / (COUNTIF(Original!$C$3:$C$101,PMT!$F$2)*3) -> 0.375 | G5: =SUMPRODUCT( (Original!$O$3:$AS$101) * (Original!$C$3:$C$101 = $F$2) * (Original!$O$2:$AS$2 = G4)) / (COUNTIF(Original!$C$3:$C$101,PMT!$F$2)*3) -> 0.33333333 | H5: =SUMPRODUCT( (Original!$O$3:$AS$101) * (Original!$C$3:$C$101 = $F$2) * (Original!$O$2:$AS$2 = H4)) / (COUNTIF(Original!$C$3:$C$101,PMT!$F$2)*3) -> 0.375 | I5: =SUMPRODUCT( (Original!$O$3:$AS$101) * (Original!$C$3:$C$101 = $F$2) * (Original!$O$2:$AS$2 = I4)) / (COUNTIF(Original!$C$3:$C$101,PMT!$F$2)*3) -> 0.41666667 | J5: =SUMPRODUCT( (Original!$O$3:$AS$101) * (Original!$C$3:$C$101 = $F$2) * (Original!$O$2:$AS$2 = J4)) / (COUNTIF(Original!$C$3:$C$101,PMT!$F$2)*3) -> 0.66666667 | K5: =SUMPRODUCT( (Original!$O$3:$AS$101) * (Original!$C$3:$C$101 = $F$2) * (Original!$O$2:$AS$2 = K4)) / (COUNTIF(Original!$C$3:$C$101,PMT!$F$2)*3) -> 0.125 | L5: =SUMPRODUCT( (Original!$O$3:$AS$101) * (Original!$C$3:$C$101 = $F$2) * (Original!$O$2:$AS$2 = L4)) / (COUNTIF(Original!$C$3:$C$101,PMT!$F$2)*3) -> 0.375 | ... AJ5: =SUMPRODUCT( (Original!$O$3:$AS$101) * (Original!$C$3:$C$101 = $F$2) * (Original!$O$2:$AS$2 = AJ4)) / (COUNTIF(Original!$C$3:$C$101,PMT!$F$2)*3) -> 0

Sheet SM
D2: Team | E2: Usage Metering
D4: Product Owner | E4: Scrum Master | F4: Multi Functional Team | G4: DoD | H4: DoR
D5: =INDEX(Original!$A:$AT,MATCH(SM!$E$2,Original!$B:$B,0),MATCH(D4,Original!$2:$2,0)) -> 1 | E5: =INDEX(Original!$A:$AT,MATCH(SM!$E$2,Original!$B:$B,0),MATCH(E4,Original!$2:$2,0)) -> 1 | F5: =INDEX(Original!$A:$AT,MATCH(SM!$E$2,Original!$B:$B,0),MATCH(F4,Original!$2:$2,0)) -> 2 | G5: =INDEX(Original!$A:$AT,MATCH(SM!$E$2,Original!$B:$B,0),MATCH(G4,Original!$2:$2,0)) -> 1 | H5: =INDEX(Original!$A:$AT,MATCH(SM!$E$2,Original!$B:$B,0),MATCH(H4,Original!$2:$2,0)) -> 1
D6: =INDEX('Heat Map Reference'!$A:$E,MATCH(SM!D4,'Heat Map Reference'!$A:$A,0),D5+2) -> Just introduced (<6M) | E6: =INDEX('Heat Map Reference'!$A:$E,MATCH(SM!E4,'Heat Map Reference'!$A:$A,0),E5+2) -> Just introduced (<6M) | F6: =INDEX('Heat Map Reference'!$A:$E,MATCH(SM!F4,'Heat Map Reference'!$A:$A,0),F5+2) -> Dev + QA + DevOps teams | G6: =INDEX('Heat Map Reference'!$A:$E,MATCH(SM!G4,'Heat Map Reference'!$A:$A,0),G5+2) -> Defined DoD (or part of DoD followed always) | H6: =INDEX('Heat Map Reference'!$A:$E,MATCH(SM!H4,'Heat Map Reference'!$A:$A,0),H5+2) -> Defined DoR (or part of DoR followed always)
D8: AIM ceremonies | E8: Scrum area | F8: Story Points | G8: Tasking | H8: Backlog grooming (sprint)
D9: =INDEX(Original!$A:$AT,MATCH(SM!$E$2,Original!$B:$B,0),MATCH(D8,Original!$2:$2,0)) -> 1 | E9: =INDEX(Original!$A:$AT,MATCH(SM!$E$2,Original!$B:$B,0),MATCH(E8,Original!$2:$2,0)) -> 1 | F9: =INDEX(Original!$A:$AT,MATCH(SM!$E$2,Original!$B:$B,0),MATCH(F8,Original!$2:$2,0)) -> 1 | G9: =INDEX(Original!$A:$AT,MATCH(SM!$E$2,Original!$B:$B,0),MATCH(G8,Original!$2:$2,0)) -> 2 | H9: =INDEX(Original!$A:$AT,MATCH(SM!$E$2,Original!$B:$B,0),MATCH(H8,Original!$2:$2,0)) -> 0
D10: =INDEX('Heat Map Reference'!$A:$E,MATCH(SM!D8,'Heat Map Reference'!$A:$A,0),D9+2) -> Calendar published | E10: =INDEX('Heat Map Reference'!$A:$E,MATCH(SM!E8,'Heat Map Reference'!$A:$A,0),E9+2) -> Scrum area created | F10: =INDEX('Heat Map Reference'!$A:$E,MATCH(SM!F8,'Heat Map Reference'!$A:$A,0),F9+2) -> Started using complexity-based story points | G10: =INDEX('Heat Map Reference'!$A:$E,MATCH(SM!G8,'Heat Map Reference'!$A:$A,0),G9+2) -> Sometimes all tasks are defined on first day of sprint | H10: =INDEX('Heat Map Reference'!$A:$E,MATCH(SM!H8,'Heat Map Reference'!$A:$A,0),H9+2) -> No continuous story grooming
D12: Backlog grooming (release) | E12: Demo | F12: Retro | G12: Unified backlog | H12: Personas
D13: =INDEX(Original!$A:$AT,MATCH(SM!$E$2,Original!$B:$B,0),MATCH(D12,Original!$2:$2,0)) -> 0 | E13: =INDEX(Original!$A:$AT,MATCH(SM!$E$2,Original!$B:$B,0),MATCH(E12,Original!$2:$2,0)) -> 2 | F13: =INDEX(Original!$A:$AT,MATCH(SM!$E$2,Original!$B:$B,0),MATCH(F12,Original!$2:$2,0)) -> 2 | G13: =INDEX(Original!$A:$AT,MATCH(SM!$E$2,Original!$B:$B,0),MATCH(G12,Original!$2:$2,0)) -> 2 | H13: =INDEX(Original!$A:$AT,MATCH(SM!$E$2,Original!$B:$B,0),MATCH(H12,Original!$2:$2,0)) -> 0
D14: =INDEX('Heat Map Reference'!$A:$E,MATCH(SM!D12,'Heat Map Reference'!$A:$A,0),D13+2) -> No continuous release planning | E14: =INDEX('Heat Map Reference'!$A:$E,MATCH(SM!E12,'Heat Map Reference'!$A:$A,0),E13+2) -> Done usually OR done only for part of the stories | F14: =INDEX('Heat Map Reference'!$A:$E,MATCH(SM!F12,'Heat Map Reference'!$A:$A,0),F13+2) -> Done every sprint, but not always at least one improvement is implemented | G14: =INDEX('Heat Map Reference'!$A:$E,MATCH(SM!G12,'Heat Map Reference'!$A:$A,0),G13+2) -> Demonstrated consistent single backlog maintained over 6 sprints | H14: =INDEX('Heat Map Reference'!$A:$E,MATCH(SM!H12,'Heat Map Reference'!$A:$A,0),H13+2) -> No personas
D16: Story mapping | E16: Work-Item templates | F16: Tech debt strategy | G16: Defect management strategy | H16: AIM JIRA structure
D17: =INDEX(Original!$A:$AT,MATCH(SM!$E$2,Original!$B:$B,0),MATCH(D16,Original!$2:$2,0)) -> 1 | E17: =INDEX(Original!$A:$AT,MATCH(SM!$E$2,Original!$B:$B,0),MATCH(E16,Original!$2:$2,0)) -> 0 | F17: =INDEX(Original!$A:$AT,MATCH(SM!$E$2,Original!$B:$B,0),MATCH(F16,Original!$2:$2,0)) -> 0 | G17: =INDEX(Original!$A:$AT,MATCH(SM!$E$2,Original!$B:$B,0),MATCH(G16,Original!$2:$2,0)) -> 0 | H17: =INDEX(Original!$A:$AT,MATCH(SM!$E$2,Original!$B:$B,0),MATCH(H16,Original!$2:$2,0)) -> 3
D18: =INDEX('Heat Map Reference'!$A:$E,MATCH(SM!D16,'Heat Map Reference'!$A:$A,0),D17+2) -> Story mapping done for one release | E18: =INDEX('Heat Map Reference'!$A:$E,MATCH(SM!E16,'Heat Map Reference'!$A:$A,0),E17+2) -> AIM backlog work-item template not adopted | F18: =INDEX('Heat Map Reference'!$A:$E,MATCH(SM!F16,'Heat Map Reference'!$A:$A,0),F17+2) -> No strategy | G18: =INDEX('Heat Map Reference'!$A:$E,MATCH(SM!G16,'Heat Map Reference'!$A:$A,0),G17+2) -> No strategy | H18: =INDEX('Heat Map Reference'!$A:$E,MATCH(SM!H16,'Heat Map Reference'!$A:$A,0),H17+2) -> Adopted AIM JIRA scheme
D20: Release tracker | E20: Sprint burndown | F20: BDD | G20: TDD | H20: Test automation
D21: =INDEX(Original!$A:$AT,MATCH(SM!$E$2,Original!$B:$B,0),MATCH(D20,Original!$2:$2,0)) -> 3 | E21: =INDEX(Original!$A:$AT,MATCH(SM!$E$2,Original!$B:$B,0),MATCH(E20,Original!$2:$2,0)) -> 1 | F21: =INDEX(Original!$A:$AT,MATCH(SM!$E$2,Original!$B:$B,0),MATCH(F20,Original!$2:$2,0)) -> 0 | G21: =INDEX(Original!$A:$AT,MATCH(SM!$E$2,Original!$B:$B,0),MATCH(G20,Original!$2:$2,0)) -> 0 | H21: =INDEX(Original!$A:$AT,MATCH(SM!$E$2,Original!$B:$B,0),MATCH(H20,Original!$2:$2,0)) -> 0
D22: =INDEX('Heat Map Reference'!$A:$E,MATCH(SM!D20,'Heat Map Reference'!$A:$A,0),D21+2) -> Adopted AIM recommended release tracker | E22: =INDEX('Heat Map Reference'!$A:$E,MATCH(SM!E20,'Heat Map Reference'!$A:$A,0),E21+2) -> Started tracking story point-based burndown | F22: =INDEX('Heat Map Reference'!$A:$E,MATCH(SM!F20,'Heat Map Reference'!$A:$A,0),F21+2) -> Not practiced | G22: =INDEX('Heat Map Reference'!$A:$E,MATCH(SM!G20,'Heat Map Reference'!$A:$A,0),G21+2) -> Not practiced | H22: =INDEX('Heat Map Reference'!$A:$E,MATCH(SM!H20,'Heat Map Reference'!$A:$A,0),H21+2) -> Test automation not mandatory for doneness
D24: CI/CD | E24: Shift-left adoption | F24: Single branch strategy | G24: Reducing WIP | H24: Engineering 360
D25: =INDEX(Original!$A:$AT,MATCH(SM!$E$2,Original!$B:$B,0),MATCH(D24,Original!$2:$2,0)) -> 1 | E25: =INDEX(Original!$A:$AT,MATCH(SM!$E$2,Original!$B:$B,0),MATCH(E24,Original!$2:$2,0)) -> 0 | F25: =INDEX(Original!$A:$AT,MATCH(SM!$E$2,Original!$B:$B,0),MATCH(F24,Original!$2:$2,0)) -> 2 | G25: =INDEX(Original!$A:$AT,MATCH(SM!$E$2,Original!$B:$B,0),MATCH(G24,Original!$2:$2,0)) -> 0 | H25: =INDEX(Original!$A:$AT,MATCH(SM!$E$2,Original!$B:$B,0),MATCH(H24,Original!$2:$2,0)) -> 0
D26: =INDEX('Heat Map Reference'!$A:$E,MATCH(SM!D24,'Heat Map Reference'!$A:$A,0),D25+2) -> Basic pipeline – build, test & deploy on every check-in (or at least every night) | E26: =INDEX('Heat Map Reference'!$A:$E,MATCH(SM!E24,'Heat Map Reference'!$A:$A,0),E25+2) -> Aligned with concept but not practiced | F26: =INDEX('Heat Map Reference'!$A:$E,MATCH(SM!F24,'Heat Map Reference'!$A:$A,0),F25+2) -> Uses branch per story, merge-able to master (no dev branch) | G26: =INDEX('Heat Map Reference'!$A:$E,MATCH(SM!G24,'Heat Map Reference'!$A:$A,0),G25+2) -> Most stories are in progress on any given day of sprint | H26: =INDEX('Heat Map Reference'!$A:$E,MATCH(SM!H24,'Heat Map Reference'!$A:$A,0),H25+2) -> No engineering 360 done
D28: Customer engagement | E28: Time to Value Delivery
D29: =INDEX(Original!$A:$AT,MATCH(SM!$E$2,Original!$B:$B,0),MATCH(D28,Original!$2:$2,0)) -> 0 | E29: =INDEX(Original!$A:$AT,MATCH(SM!$E$2,Original!$B:$B,0),MATCH(E28,Original!$2:$2,0)) -> 2
D30: =INDEX('Heat Map Reference'!$A:$E,MATCH(SM!D28,'Heat Map Reference'!$A:$A,0),D29+2) -> No customer engagement strategy | E30: =INDEX('Heat Map Reference'!$A:$E,MATCH(SM!E28,'Heat Map Reference'!$A:$A,0),E29+2) -> A few customer value items are delivered earlier within a sprint

Sheet Heat Map Reference
A1: Category | B1: Hero | C1: Superhero | D1: Avenger | E1: Legendary | F1: Remarks
A2: Product Owner | B2: No product owner | C2: Just introduced (<6M) | D2: Independent but not empowered | E2: Empowered to work independently | F2: Independent: can take the right AIM decisions. (Not working in a SILO, working together as a Solution.) Empowered: allowed to take the right AM decisions
A3: Scrum Master | B3: No scrum master | C3: Just introduced (<6M) | D3: Independent but not empowered | E3: Empowered to work independently | F3: Independent: can take the right AIM decisions. (Not working in a SILO, working together as a Solution.) Empowered: allowed to take the right AM decisions
A4: Multi Functional Team | B4: Separate dev & QA teams | C4: Dev + QA teams | D4: Dev + QA + DevOps teams | E4: Dev + QA + DevOps + Doc teams | F4: Doc: documentation person is part of the sprint working with the Scrum Team (+ DoD includes documentation)
A5: DoD | B5: No DoD | C5: Defined DoD (or part of DoD followed always) | D5: DoD followed sometimes | E5: DoD followed always | F5: Defined = agreement by all the relevant stakeholders, based on the AIM baseline
A6: DoR | B6: No DoR | C6: Defined DoR (or part of DoR followed always) | D6: DoR followed sometimes | E6: DoR followed always | F6: Defined = agreement by all the relevant stakeholders, based on the AIM baseline
A7: AIM ceremonies | B7: Not Defined | C7: Calendar published | D7: Calendar followed sometimes OR calendar followed always, but some events are not conducted properly | E7: Calendar followed always and events are being done properly using the AIM guidelines | F7: Daily, Planning, Refinement, Retro, Review
A8: Scrum area | B8: Not set-up | C8: Scrum area created | D8: Scrum area used sometimes | E8: Scrum area used extensively | F8: Physical/Virtual Scrum Area for daily, information radiators (escalations, notes, sprint goal, …)
A9: Story Points | B9: Not used / Hours converted to points | C9: Started using complexity-based story points | D9: Able to demonstrate predictable velocity sometimes | E9: Demonstrates predictable velocity consistently | F9: Looking for predictability, not consistency, review the expected vs. actual in velocity chart, not story pointing defects and spikes
A10: Tasking | B10: No detailed tasking | C10: Started doing low level tasks | D10: Sometimes all tasks are defined on first day of sprint | E10: All tasks are defined on first day consistently | F10: Tasking is a high-level breakdown of a story into testable pieces (<2d). This encourages WIP-limit and daily collaboration. In case tasking is hard, consider a spike.
A11: Backlog grooming (sprint) | B11: No continuous story grooming | C11: Always grooming one sprint ahead | D11: Always grooming 2 sprints ahead | E11: Always grooming 3 sprints ahead | F11: Match DoR and sized
A12: Backlog grooming (release) | B12: No continuous release planning | C12: Always grooming one release ahead at 50% confidence | D12: Always planning one release at 50% + 1 releases at 20% | E12: Always planning one release at 50% + 2 releases at 20% | F12: The PLT/SLT Kanban board can provide a good view. Shorter releases are easier to predict.
... A20: Defect management strategy | B20: No strategy | C20: Good strategy defined | D20: Good strategy implemented consistently over 6 sprints | E20: Good strategy implemented consistently over 12 sprints | F20: Procedure for handling defects. Defining defect % reduction target for a sprint/release. Team targets red/yellow zone new content defects within the sprint.
A21: AIM JIRA structure | B21: Not adopted AIM JIRA scheme | E21: Adopted AIM JIRA scheme | F21: There are only 2 JIRA schemes at Avaya: AGSP and AIM.
A22: Release tracker | B22: No release tracking dashboard | C22: Have product specific release tracker | E22: Adopted AIM recommended release tracker | F22: Gathering AIM JIRA metrics as defined here
A23: Sprint burndown | B23: No burndown or hours-based sprint burndown | C23: Started tracking story point-based burndown | D23: Few stories getting done & accepted earlier within a sprint | E23: Stories always getting ‘done’ one after another throughout the sprint!
A24: BDD | B24: Not practiced | C24: Practiced sometimes | D24: Demonstrated incremental development using BDD consistently over 6 sprints! | E24: Demonstrated incremental development using BDD consistently over 12 sprints! | F24: Delivering a story behavior (use case slice) one after the other, according to the acceptance criteria. This category doesn’t refer to automation or Cucumber.
A25: TDD | B25: Not practiced | C25: Practiced sometimes | D25: Demonstrated TDD consistently over 6 sprints! | E25: Demonstrated TDD consistently over 12 sprints!
A26: Test automation | B26: Test automation not mandatory for doneness | C26: All new code is automated for doneness | D26: Legacy code automation strategy implemented – 90% tests automated | E26: No manual tests required! | F26: O->Y: CI/CD not only on master branch, but also on feature branch. Higher-environment is used by real users.
A27: CI/CD | B27: No CI/CD pipeline | C27: Basic pipeline – build, test & deploy on every check-in (or at least every night) | D27: Enhanced pipeline – feature branches, pull requests covered. One-click promotion to higher environments | E27: Advanced pipeline – check-in to prod, blue-green deployments
A28: Shift-left adoption | B28: Aligned with concept but not practiced | C28: Demonstrates bug count found in solution testing going down | D28: Demonstrates customer found bug count in going down | E28: Customer found bugs close to zero! | F28: Single master branch strategy (always potentially releasable).
A29: Single branch strategy | B29: Multiple code branch strategy (per-person branch) | C29: Uses branch per story, merge-able to master (or dev branch) | D29: Uses branch per story, merge-able to master (no dev branch) | E29: Uses branch per sub-task, merge-able to master (without breaking anything else) | F29: Sometimes it is not possible to integrate sub-task without breaking, but this should be the minority. Encouraging breaking stories into small ones.
A30: Reducing WIP | B30: Most stories are in progress on any given day of sprint | C30: No more than 50% stories are in progress on any given day of sprint | D30: No more than 25% stories are in progress on any given day of sprint | E30: No more than 10% stories are in progress on any given day of sprint! | F30: Using a variation of AIM engineering 360 template for review in a PLT+ forum.
A31: Engineering 360 | B31: No engineering 360 done | D31: Adopted AIM engineering 360 template and did first 360 | E31: Demonstrated engineering 360 consistently over 12 sprints | F31: Alpha/Beta fixed date milestones are not enough. Continuously show progress and get feedback from the customer. Negotiate adaptions in the plan.
A32: Customer engagement | B32: No customer engagement strategy | C32: Customer engagement strategy defined! | D32: Engaged customer consistently over 6 sprints | E32: Engaged customer consistently over 12 sprints
A33: Time to Value Delivery | B33: Customer value items are usually not delivered within single sprint | C33: Customer value items are delivered by the end of each sprint | D33: A few customer value items are delivered earlier within a sprint | E33: Customer value items are always delivered one after another throughout the sprint | F33: For component teams, collaboration is required cross-teams in order to deliver value within a sprint

Sheet Outcomes vs. Practices
A1: Outcomes based on Metrics | B1: Quality | C1: Predictability | D1: Reduced Costs | E1: Throughput | F1: Team morale | G1: Customer Satisfaction | H1: Stakeholder satisfaction | I1: Continuous Value Delivery | J1: Time to Market | K1: Culture | L1: Reduced Risk
A2: AIM Workshop (Teams) | F2: V | K2: V
A3: AIM Workshop (PLT) | F3: V | K3: V
A4: Certification - Leadership | F4: V | K4: V
A5: Certification – PO | F5: V | K5: V
A6: Certification – SM | F6: V | K6: V
A7: Multi Component team | B7: V | E7: V | F7: V | I7: V | J7: V
A8: Product Owner | E8: V | H8: V | I8: V
A9: Scrum Master | C9: V | E9: V | F9: V | K9: V
A10: DoD | B10: V | D10: V | G10: V | J10: V
A11: DoR | B11: V | C11: V | E11: V | F11: V | J11: V
A12: AIM ceremonies | C12: V | E12: V | I12: V | K12: V | L12: V
A13: Scrum area | E13: V | F13: V | K13: V
A14: Story Points | C14: V | D14: V
A15: Tasking | B15: V | C15: V | E15: V | F15: V
A16: Backlog grooming (sprint) | B16: V | C16: V | E16: V | F16: V
A17: Backlog grooming (release) | B17: V | C17: V | E17: V | F17: V
A18: Demo | D18: V | H18: V | I18: V | J18: V | L18: V
A19: Retro | B19: V | C19: V | D19: V | E19: V | F19: V | K19: V
A20: Unified backlog | C20: V | E20: V | F20: V | I20: V
A21: Personas | G21: V | H21: V | I21: V | J21: V
A22: Story mapping | G22: V | H22: V | I22: V | J22: V
A23: Work-Item templates | C23: V | E23: V | I23: V
A24: Tech debt strategy | B24: V | D24: V | E24: V | G24: V
A25: Defect management strategy | B25: V | D25: V | G25: V
A26: AIM JIRA structure | C26: V
A27: Release tracker | C27: V | E27: V | I27: V | L27: V
A28: Sprint burndown | C28: V | I28: V
A29: BDD | B29: V | I29: V | L29: V
A30: TDD | B30: V | D30: V
A31: Test automation | B31: V | D31: V | E31: V | J31: V | L31: V
A32: CI/CD | D32: V | G32: V | H32: V | J32: V | L32: V
A33: Shift-left adoption | B33: V | D33: V | G33: V | L33: V
A34: Single branch strategy | B34: V | D34: V | E34: V | L34: V
A35: Reducing WIP | C35: V | I35: V | J35: V | L35: V
A36: Engineering 360 | C36: V | H36: V | L36: V
A37: Customer engagement | G37: V | I37: V | L37: V
A38: Time to Value Delivery | I38: V
B39: =COUNTA(B2:B38) -> 14 | C39: =COUNTA(C2:C38) -> 15 | D39: =COUNTA(D2:D38) -> 11 | E39: =COUNTA(E2:E38) -> 16 | F39: =COUNTA(F2:F38) -> 14 | G39: =COUNTA(G2:G38) -> 8 | H39: =COUNTA(H2:H38) -> 6 | I39: =COUNTA(I2:I38) -> 14 | ... L39: =COUNTA(L2:L38) -> 11

Sheet Agile Methods
A1: Practices by domains | B1: Scrum | C1: Kanban | D1: XP | E1: DevOps | F1: General Agile | G1: Learning
A2: AIM Workshop (Teams) | G2: V | H2: =COUNTA(B2:G2) -> 1
A3: AIM Workshop (PLT) | G3: V | H3: =COUNTA(B3:G3) -> 1
A4: Certification - Leadership | G4: V | H4: =COUNTA(B4:G4) -> 1
A5: Certification – PO | B5: V | H5: =COUNTA(B5:G5) -> 1
A6: Certification – SM | B6: V | H6: =COUNTA(B6:G6) -> 1
A7: Multi Component team | B7: V | H7: =COUNTA(B7:G7) -> 1
A8: Product Owner | B8: V | H8: =COUNTA(B8:G8) -> 1
A9: Scrum Master | B9: V | H9: =COUNTA(B9:G9) -> 1
A10: DoD | B10: V | H10: =COUNTA(B10:G10) -> 1
A11: DoR | F11: V | H11: =COUNTA(B11:G11) -> 1
A12: AIM ceremonies | B12: V | C12: V | D12: V | H12: =COUNTA(B12:G12) -> 3
A13: Scrum area | B13: V | C13: V | H13: =COUNTA(B13:G13) -> 2
A14: Story Points | F14: V | H14: =COUNTA(B14:G14) -> 1
A15: Tasking | E15: V | H15: =COUNTA(B15:G15) -> 1
A16: Backlog grooming (sprint) | B16: V | H16: =COUNTA(B16:G16) -> 1
A17: Backlog grooming (release) | B17: V | H17: =COUNTA(B17:G17) -> 1
A18: Demo | B18: V | H18: =COUNTA(B18:G18) -> 1
A19: Retro | B19: V | H19: =COUNTA(B19:G19) -> 1
A20: Unified backlog | B20: V | H20: =COUNTA(B20:G20) -> 1
A21: Personas | F21: V | H21: =COUNTA(B21:G21) -> 1
A22: Story mapping | F22: V | H22: =COUNTA(B22:G22) -> 1
A23: Work-Item templates | F23: V | H23: =COUNTA(B23:G23) -> 1
A24: Tech debt strategy | E24: V | H24: =COUNTA(B24:G24) -> 1
A25: Defect management strategy | E25: V | H25: =COUNTA(B25:G25) -> 1
A26: AIM JIRA structure | G26: V | H26: =COUNTA(B26:G26) -> 1
A27: Release tracker | B27: V | C27: V | H27: =COUNTA(B27:G27) -> 2
A28: Sprint burndown | B28: V | H28: =COUNTA(B28:G28) -> 1
A29: BDD | F29: V | H29: =COUNTA(B29:G29) -> 1
A30: TDD | D30: V | H30: =COUNTA(B30:G30) -> 1
A31: Test automation | E31: V | H31: =COUNTA(B31:G31) -> 1
A32: CI/CD | D32: V | E32: V | H32: =COUNTA(B32:G32) -> 2
A33: Shift-left adoption | E33: V | F33: V | H33: =COUNTA(B33:G33) -> 2
A34: Single branch strategy | E34: V | H34: =COUNTA(B34:G34) -> 1
A35: Reducing WIP | C35: V | H35: =COUNTA(B35:G35) -> 1
A36: Engineering 360 | E36: V | H36: =COUNTA(B36:G36) -> 1
A37: Customer engagement | B37: V | C37: V | D37: V | H37: =COUNTA(B37:G37) -> 3
A38: Time to Value Delivery | B38: V | C38: V | D38: V | H38: =COUNTA(B38:G38) -> 3
B39: =COUNTA(B2:B38) -> 17 | C39: =COUNTA(C2:C38) -> 6 | D39: =COUNTA(D2:D38) -> 5 | E39: =COUNTA(E2:E38) -> 8 | F39: =COUNTA(F2:F38) -> 7 | G39: =COUNTA(G2:G38) -> 4

Sheet lov
B3: Reviewed by ACT | D3: Trained | F3: Certified | H3: Products | J3: Teams
B4: Not Started | D4: No | F4: No | H4: AADS | J4: AADS
B5: In Progress | D5: Partially | F5: Yes | H5: ACI | J5: ACI
B6: Done | D6: Yes | H6: ACM | J6: ACM
H7: ASBCE | J7: AES
H8: Aura | J8: Ahaṁ Brahmāsmi
H9: AWFOS | J9: Alpacas
H10: Callback Assist | J10: Analytics 3.x
H11: Conf EPs | J11: Analytics 4.0
H12: DES | J12: Arya
H13: IX Meetings | J13: ASBCE India
H14: IX OneSpace | J14: ASBCE US
H15: IX Workplace Client | J15: Assisted 3.x
H16: IX Workplace for S4B | J16: Assisted Services
H17: IX-CC | J17: Avengers
H18: J SERIES | J18: Bahubali
... H26: Vantage | J26: Customer Journey
J27: DES
J28: Desktop Connector
J29: Digitalcustomchannel
J30: Dragon
J31: Flex/CSP-Bangalore
J32: Flex/CSP-Thornton
J33: GameofScrums
J34: GME
J35: Grasshopper
J36: Gravity
J37: Hakuna Matata
J38: Hippogriff
... J63: Wyvern
